2026-06-15T12:40:09.720788,db4/test,hello
2026-06-15T12:40:20.355299,db4/test,
2026-06-15T13:23:52.715325,db4/pump/set,on
2026-06-15T13:23:54.462559,db4/pump/set,on
2026-06-15T13:24:00.504277,db4/pump/set,off
2026-06-15T13:24:03.882550,db4/pump/set,on
2026-06-15T13:26:51.201857,db4/temperature,None
2026-06-15T13:26:51.208058,db4/od,229
2026-06-15T13:26:51.211836,db4/pump/state,off
2026-06-15T13:26:53.503051,db4/temperature,None
2026-06-15T13:26:53.507133,db4/od,394
2026-06-15T13:26:53.511267,db4/pump/state,off
2026-06-15T13:26:56.021008,db4/temperature,None
2026-06-15T13:26:56.023022,db4/od,0
2026-06-15T13:26:56.026606,db4/pump/state,off
2026-06-15T13:26:58.362527,db4/temperature,None
2026-06-15T13:26:58.377766,db4/od,0
2026-06-15T13:26:58.418096,db4/pump/state,off
2026-06-15T13:27:24.993789,db4/temperature,None
2026-06-15T13:27:24.996725,db4/od,0
2026-06-15T13:27:24.996725,db4/pump/state,off
2026-06-15T13:27:27.357684,db4/temperature,None
2026-06-15T13:27:27.359698,db4/od,363
2026-06-15T13:27:27.361618,db4/pump/state,off
2026-06-15T13:27:29.806164,db4/temperature,None
2026-06-15T13:27:29.809577,db4/od,458
2026-06-15T13:27:29.815264,db4/pump/state,off
2026-06-15T13:27:32.264548,db4/temperature,None
2026-06-15T13:27:32.266566,db4/od,0
2026-06-15T13:27:32.272909,db4/pump/state,off
2026-06-15T13:27:34.620512,db4/temperature,None
2026-06-15T13:27:34.622729,db4/od,0
2026-06-15T13:27:34.628261,db4/pump/state,off
2026-06-15T13:27:36.882734,db4/pump/set,off
2026-06-15T13:27:36.943323,db4/temperature,None
2026-06-15T13:27:36.970002,db4/od,0
2026-06-15T13:27:36.972811,db4/pump/state,off
2026-06-15T13:27:38.759276,db4/pump/set,on
2026-06-15T13:27:38.949093,db4/pump/state,off
2026-06-15T13:27:39.432736,db4/temperature,None
2026-06-15T13:27:39.439276,db4/od,458
2026-06-15T13:27:39.439276,db4/pump/state,off
2026-06-15T13:27:41.474169,db4/pump/state,on
2026-06-15T13:27:41.890685,db4/temperature,None
2026-06-15T13:27:41.900959,db4/od,0
2026-06-15T13:27:41.902292,db4/pump/state,on
2026-06-15T13:27:42.819000,db4/pump/set,off
2026-06-15T13:27:43.939839,db4/pump/state,off
2026-06-15T13:27:44.350900,db4/temperature,None
2026-06-15T13:27:44.362774,db4/od,0
2026-06-15T13:27:44.372738,db4/pump/state,off
2026-06-15T13:27:46.705464,db4/temperature,None
2026-06-15T13:27:46.712907,db4/od,1
2026-06-15T13:27:46.715067,db4/pump/state,off
2026-06-15T13:27:46.856347,db4/pump/set,on
2026-06-15T13:27:48.957986,db4/pump/state,on
2026-06-15T13:27:48.966788,db4/pump/set,off
2026-06-15T13:27:49.254897,db4/temperature,None
2026-06-15T13:27:49.257862,db4/od,1
2026-06-15T13:27:49.266101,db4/pump/state,on
2026-06-15T13:27:51.104083,db4/pump/state,off
2026-06-15T13:27:52.931051,db4/temperature,None
2026-06-15T13:27:52.937729,db4/od,457
2026-06-15T13:27:52.941604,db4/pump/state,off
2026-06-15T13:28:01.153980,db4/temperature,None
2026-06-15T13:28:01.158810,db4/od,1
2026-06-15T13:28:01.161062,db4/pump/state,off
2026-06-15T13:28:01.161991,db4/temperature,None
2026-06-15T13:28:01.164480,db4/od,1
2026-06-15T13:28:01.169798,db4/pump/state,off
2026-06-15T13:28:01.170704,db4/temperature,None
2026-06-15T13:28:01.174533,db4/od,1
2026-06-15T13:28:01.180372,db4/pump/state,off
2026-06-15T13:28:01.180677,db4/temperature,None
2026-06-15T13:28:01.184924,db4/od,47
2026-06-15T13:28:01.186932,db4/pump/state,off
2026-06-15T13:28:03.596905,db4/temperature,None
2026-06-15T13:28:03.600930,db4/od,460
2026-06-15T13:28:03.602442,db4/pump/state,off
2026-06-15T13:28:06.055062,db4/temperature,None
2026-06-15T13:28:06.059093,db4/od,1
2026-06-15T13:28:06.062204,db4/pump/state,off
2026-06-15T13:28:08.442275,db4/temperature,None
2026-06-15T13:28:08.449260,db4/od,1
2026-06-15T13:28:08.449260,db4/pump/state,off
2026-06-15T13:28:10.871035,db4/temperature,None
2026-06-15T13:28:10.877034,db4/od,1
2026-06-15T13:28:10.881546,db4/pump/state,off
2026-06-15T13:28:13.325458,db4/temperature,None
2026-06-15T13:28:13.332438,db4/od,407
2026-06-15T13:28:13.335040,db4/pump/state,off
2026-06-15T13:28:15.684922,db4/temperature,None
2026-06-15T13:28:15.692840,db4/od,1
2026-06-15T13:28:15.698386,db4/pump/state,off
2026-06-15T13:28:18.135765,db4/temperature,None
2026-06-15T13:28:18.137778,db4/od,1
2026-06-15T13:28:18.137778,db4/pump/state,off
2026-06-15T13:28:20.498091,db4/temperature,None
2026-06-15T13:28:20.501889,db4/od,1
2026-06-15T13:28:20.504926,db4/pump/state,off
2026-06-15T13:28:22.952253,db4/temperature,None
2026-06-15T13:28:22.957363,db4/od,1
2026-06-15T13:28:22.959986,db4/pump/state,off
2026-06-15T13:28:25.411240,db4/temperature,None
2026-06-15T13:28:25.419151,db4/od,460
2026-06-15T13:28:25.421170,db4/pump/state,off
2026-06-15T13:28:27.851651,db4/temperature,None
2026-06-15T13:28:27.862899,db4/od,1
2026-06-15T13:28:27.869141,db4/pump/state,off
2026-06-15T13:28:30.220179,db4/temperature,None
2026-06-15T13:28:30.224579,db4/od,1
2026-06-15T13:28:30.226296,db4/pump/state,off
2026-06-15T13:28:32.583301,db4/temperature,None
2026-06-15T13:28:32.587023,db4/od,1
2026-06-15T13:28:32.588730,db4/pump/state,off
2026-06-15T13:28:34.901471,db4/temperature,None
2026-06-15T13:28:34.903249,db4/od,35
2026-06-15T13:28:34.904130,db4/pump/state,off
2026-06-15T13:28:37.389104,db4/temperature,None
2026-06-15T13:28:37.395630,db4/od,459
2026-06-15T13:28:37.397648,db4/pump/state,off
2026-06-15T13:28:39.849626,db4/temperature,None
2026-06-15T13:28:39.858440,db4/od,1
2026-06-15T13:28:39.859959,db4/pump/state,off
2026-06-15T13:28:42.306398,db4/temperature,None
2026-06-15T13:28:42.312622,db4/od,1
2026-06-15T13:28:42.315776,db4/pump/state,off
2026-06-15T13:28:44.660414,db4/temperature,None
2026-06-15T13:28:44.660414,db4/od,1
2026-06-15T13:28:44.662666,db4/pump/state,off
2026-06-15T13:28:47.014544,db4/temperature,None
2026-06-15T13:28:47.014544,db4/od,329
2026-06-15T13:28:47.016583,db4/pump/state,off
2026-06-15T13:28:49.469188,db4/temperature,None
2026-06-15T13:28:49.476992,db4/od,459
2026-06-15T13:28:49.479025,db4/pump/state,off
2026-06-15T13:28:51.828320,db4/temperature,None
2026-06-15T13:28:51.830973,db4/od,1
2026-06-15T13:28:51.832987,db4/pump/state,off
2026-06-15T13:28:54.279566,db4/temperature,None
2026-06-15T13:28:54.290094,db4/od,0
2026-06-15T13:28:54.290094,db4/pump/state,off
2026-06-15T13:28:56.745499,db4/temperature,None
2026-06-15T13:28:56.745499,db4/od,0
2026-06-15T13:28:56.745499,db4/pump/state,off
2026-06-15T13:28:59.047290,db4/temperature,None
2026-06-15T13:28:59.051383,db4/od,459
2026-06-15T13:28:59.057152,db4/pump/state,off
2026-06-15T13:29:01.557422,db4/temperature,None
2026-06-15T13:29:01.565401,db4/od,0
2026-06-15T13:29:01.568047,db4/pump/state,off
2026-06-15T13:29:04.011780,db4/temperature,None
2026-06-15T13:29:04.016060,db4/od,0
2026-06-15T13:29:04.018861,db4/pump/state,off
2026-06-15T13:29:06.371649,db4/temperature,None
2026-06-15T13:29:06.372682,db4/od,0
2026-06-15T13:29:06.376361,db4/pump/state,off
2026-06-15T13:29:08.831491,db4/temperature,None
2026-06-15T13:29:08.854026,db4/od,0
2026-06-15T13:29:08.857422,db4/pump/state,off
2026-06-15T13:29:11.180914,db4/temperature,None
2026-06-15T13:29:11.187553,db4/od,459
2026-06-15T13:29:11.188951,db4/pump/state,off
2026-06-15T13:29:13.730492,db4/temperature,None
2026-06-15T13:29:13.736063,db4/od,1
2026-06-15T13:29:13.738735,db4/pump/state,off
2026-06-15T13:29:16.310604,db4/temperature,None
2026-06-15T13:29:16.312152,db4/od,1
2026-06-15T13:29:16.313329,db4/pump/state,off
2026-06-15T13:29:18.454952,db4/temperature,None
2026-06-15T13:29:18.461163,db4/od,1
2026-06-15T13:29:18.462765,db4/pump/state,off
2026-06-15T13:29:20.808535,db4/temperature,None
2026-06-15T13:29:20.814667,db4/od,290
2026-06-15T13:29:20.818200,db4/pump/state,off
2026-06-15T13:29:23.186992,db4/temperature,None
2026-06-15T13:29:23.191649,db4/od,459
2026-06-15T13:29:23.204957,db4/pump/state,off
2026-06-15T13:29:25.826651,db4/temperature,None
2026-06-15T13:29:25.829473,db4/od,1
2026-06-15T13:29:25.836015,db4/pump/state,off
2026-06-15T13:29:28.183396,db4/temperature,None
2026-06-15T13:29:28.188539,db4/od,1
2026-06-15T13:29:28.192130,db4/pump/state,off
2026-06-15T13:29:30.537437,db4/temperature,None
2026-06-15T13:29:30.538495,db4/od,0
2026-06-15T13:29:30.541982,db4/pump/state,off
2026-06-15T13:29:32.993701,db4/temperature,None
2026-06-15T13:29:33.003993,db4/od,458
2026-06-15T13:29:33.006040,db4/pump/state,off
2026-06-15T13:29:35.353133,db4/temperature,None
2026-06-15T13:29:35.356305,db4/od,0
2026-06-15T13:29:35.356305,db4/pump/state,off
2026-06-15T13:29:37.677633,db4/temperature,None
2026-06-15T13:29:37.679850,db4/od,0
2026-06-15T13:29:37.681466,db4/pump/state,off
2026-06-15T13:29:40.159255,db4/temperature,None
2026-06-15T13:29:40.162111,db4/od,0
2026-06-15T13:29:40.163800,db4/pump/state,off
2026-06-15T13:29:42.517101,db4/temperature,None
2026-06-15T13:29:42.520487,db4/od,1
2026-06-15T13:29:42.520487,db4/pump/state,off
2026-06-15T13:29:44.971207,db4/temperature,None
2026-06-15T13:29:44.976713,db4/od,457
2026-06-15T13:29:44.979600,db4/pump/state,off
2026-06-15T13:29:47.427946,db4/temperature,None
2026-06-15T13:29:47.434680,db4/od,0
2026-06-15T13:29:47.438215,db4/pump/state,off
2026-06-15T13:29:49.802179,db4/temperature,None
2026-06-15T13:29:49.805626,db4/od,0
2026-06-15T13:29:49.809660,db4/pump/state,off
2026-06-15T13:29:52.158417,db4/temperature,None
2026-06-15T13:29:52.168825,db4/od,0
2026-06-15T13:29:52.176797,db4/pump/state,off
2026-06-15T13:29:54.701209,db4/temperature,None
2026-06-15T13:29:54.708399,db4/od,320
2026-06-15T13:29:54.710414,db4/pump/state,off
2026-06-15T13:29:56.984079,db4/temperature,None
2026-06-15T13:29:56.992830,db4/od,457
2026-06-15T13:29:56.996155,db4/pump/state,off
2026-06-15T13:29:59.401818,db4/temperature,None
2026-06-15T13:29:59.401818,db4/od,0
2026-06-15T13:29:59.408161,db4/pump/state,off
2026-06-15T13:30:01.866816,db4/temperature,None
2026-06-15T13:30:01.875078,db4/od,0
2026-06-15T13:30:01.877714,db4/pump/state,off
2026-06-15T13:30:04.331627,db4/temperature,None
2026-06-15T13:30:04.336590,db4/od,0
2026-06-15T13:30:04.341249,db4/pump/state,off
2026-06-15T13:30:06.679165,db4/temperature,None
2026-06-15T13:30:06.683735,db4/od,454
2026-06-15T13:30:06.685158,db4/pump/state,off
2026-06-15T13:30:09.143553,db4/temperature,None
2026-06-15T13:30:09.144627,db4/od,0
2026-06-15T13:30:09.144627,db4/pump/state,off
2026-06-15T13:30:56.733187,db4/temperature,None
2026-06-15T13:30:56.751305,db4/od,229
2026-06-15T13:30:56.754572,db4/pump/state,off
2026-06-15T13:30:59.213834,db4/temperature,None
2026-06-15T13:30:59.217453,db4/od,335
2026-06-15T13:30:59.217453,db4/pump/state,off
2026-06-15T13:31:01.669792,db4/temperature,None
2026-06-15T13:31:01.677184,db4/od,458
2026-06-15T13:31:01.680255,db4/pump/state,off
2026-06-15T13:31:03.968074,db4/temperature,None
2026-06-15T13:31:03.975040,db4/od,0
2026-06-15T13:31:03.977563,db4/pump/state,off
2026-06-15T13:31:06.486785,db4/temperature,None
2026-06-15T13:31:06.491695,db4/od,0
2026-06-15T13:31:06.497314,db4/pump/state,off
2026-06-15T13:31:08.944024,db4/temperature,None
2026-06-15T13:31:08.951926,db4/od,0
2026-06-15T13:31:08.954407,db4/pump/state,off
2026-06-15T13:31:11.210863,db4/temperature,None
2026-06-15T13:31:11.219812,db4/od,457
2026-06-15T13:31:11.221825,db4/pump/state,off
2026-06-15T13:31:13.651423,db4/temperature,None
2026-06-15T13:31:13.659876,db4/od,0
2026-06-15T13:31:13.659876,db4/pump/state,off
2026-06-15T13:31:16.108410,db4/temperature,None
2026-06-15T13:31:16.113383,db4/od,0
2026-06-15T13:31:16.116485,db4/pump/state,off
2026-06-15T13:31:16.819724,db4/pump/set,on
2026-06-15T13:31:18.162501,db4/pump/state,on
2026-06-15T13:31:18.567096,db4/temperature,None
2026-06-15T13:31:18.571220,db4/od,0
2026-06-15T13:31:18.571220,db4/pump/state,on
2026-06-15T13:31:21.027270,db4/temperature,None
2026-06-15T13:31:21.036208,db4/od,0
2026-06-15T13:31:21.036803,db4/pump/state,on
2026-06-15T13:31:23.375613,db4/temperature,None
2026-06-15T13:31:23.385996,db4/od,458
2026-06-15T13:31:23.387387,db4/pump/state,on
2026-06-15T13:31:25.738915,db4/temperature,None
2026-06-15T13:31:25.740955,db4/od,0
2026-06-15T13:31:25.750763,db4/pump/state,on
2026-06-15T13:31:28.212732,db4/temperature,None
2026-06-15T13:31:28.219908,db4/od,0
2026-06-15T13:31:28.230289,db4/pump/state,on
2026-06-15T13:31:29.861653,db4/pump/set,off
2026-06-15T13:31:30.134202,db4/pump/state,off
2026-06-15T13:31:30.657588,db4/temperature,None
2026-06-15T13:31:30.661016,db4/od,0
2026-06-15T13:31:30.661016,db4/pump/state,off
2026-06-15T13:31:33.004173,db4/temperature,None
2026-06-15T13:31:33.016572,db4/od,156
2026-06-15T13:31:33.020977,db4/pump/state,off
2026-06-15T13:31:35.468394,db4/temperature,None
2026-06-15T13:31:35.473427,db4/od,460
2026-06-15T13:31:35.474125,db4/pump/state,off
2026-06-15T13:31:37.921980,db4/temperature,None
2026-06-15T13:31:37.926639,db4/od,0
2026-06-15T13:31:37.927584,db4/pump/state,off
2026-06-15T13:31:40.212912,db4/temperature,None
2026-06-15T13:31:40.218021,db4/od,0
2026-06-15T13:31:40.220863,db4/pump/state,off
2026-06-15T13:31:42.738875,db4/temperature,None
2026-06-15T13:31:42.740780,db4/od,0
2026-06-15T13:31:42.743985,db4/pump/state,off
2026-06-15T13:31:45.191065,db4/temperature,None
2026-06-15T13:31:45.196328,db4/od,459
2026-06-15T13:31:45.198345,db4/pump/state,off
2026-06-15T13:31:47.555578,db4/temperature,None
2026-06-15T13:31:47.557600,db4/od,0
2026-06-15T13:31:47.562035,db4/pump/state,off
2026-06-15T13:31:50.002350,db4/temperature,None
2026-06-15T13:31:50.004613,db4/od,0
2026-06-15T13:31:50.004613,db4/pump/state,off
2026-06-15T13:31:52.359136,db4/temperature,None
2026-06-15T13:31:52.361824,db4/od,0
2026-06-15T13:31:52.363362,db4/pump/state,off
2026-06-15T13:31:54.814819,db4/temperature,None
2026-06-15T13:31:54.819649,db4/od,0
2026-06-15T13:31:54.820583,db4/pump/state,off
2026-06-15T13:31:57.272371,db4/temperature,None
2026-06-15T13:31:57.278265,db4/od,459
2026-06-15T13:31:57.282774,db4/pump/state,off
2026-06-15T13:31:59.633203,db4/temperature,None
2026-06-15T13:31:59.655854,db4/od,0
2026-06-15T13:31:59.655854,db4/pump/state,off
2026-06-15T13:32:02.102864,db4/temperature,None
2026-06-15T13:32:02.106179,db4/od,0
2026-06-15T13:32:02.108191,db4/pump/state,off
2026-06-15T13:32:04.440001,db4/temperature,None
2026-06-15T13:32:04.444024,db4/od,0
2026-06-15T13:32:04.444024,db4/pump/state,off
2026-06-15T13:32:06.897833,db4/temperature,None
2026-06-15T13:32:06.899516,db4/od,167
2026-06-15T13:32:06.901062,db4/pump/state,off
2026-06-15T13:32:09.254818,db4/temperature,None
2026-06-15T13:32:09.254818,db4/od,459
2026-06-15T13:32:09.260385,db4/pump/state,off
2026-06-15T13:32:14.884474,db4/temperature,None
2026-06-15T13:32:14.884474,db4/od,457
2026-06-15T13:32:14.893019,db4/pump/state,off
2026-06-15T13:32:17.343237,db4/temperature,None
2026-06-15T13:32:17.343237,db4/od,0
2026-06-15T13:32:17.346301,db4/pump/state,off
2026-06-15T13:32:19.595816,db4/temperature,None
2026-06-15T13:32:19.602413,db4/od,0
2026-06-15T13:32:19.605195,db4/pump/state,off
2026-06-15T13:32:22.158086,db4/temperature,None
2026-06-15T13:32:22.161856,db4/od,0
2026-06-15T13:32:22.165671,db4/pump/state,off
2026-06-15T13:32:24.512611,db4/temperature,None
2026-06-15T13:32:24.514677,db4/od,101
2026-06-15T13:32:24.516684,db4/pump/state,off
2026-06-15T13:32:26.828625,db4/temperature,None
2026-06-15T13:32:26.841737,db4/od,459
2026-06-15T13:32:26.841737,db4/pump/state,off
2026-06-15T13:32:29.327928,db4/temperature,None
2026-06-15T13:32:29.327928,db4/od,0
2026-06-15T13:32:29.327928,db4/pump/state,off
2026-06-15T13:32:31.784300,db4/temperature,None
2026-06-15T13:32:31.794101,db4/od,0
2026-06-15T13:32:31.794101,db4/pump/state,off
2026-06-15T13:32:34.239046,db4/temperature,None
2026-06-15T13:32:34.243591,db4/od,0
2026-06-15T13:32:34.243591,db4/pump/state,off
2026-06-15T13:32:36.600039,db4/temperature,None
2026-06-15T13:32:36.603342,db4/od,451
2026-06-15T13:32:36.605538,db4/pump/state,off
2026-06-15T13:32:39.053113,db4/temperature,None
2026-06-15T13:32:39.065950,db4/od,0
2026-06-15T13:32:39.073507,db4/pump/state,off
2026-06-15T13:32:41.412019,db4/temperature,None
2026-06-15T13:32:41.417779,db4/od,0
2026-06-15T13:32:41.423402,db4/pump/state,off
2026-06-15T13:32:43.877841,db4/temperature,None
2026-06-15T13:32:43.880921,db4/od,0
2026-06-15T13:32:43.885460,db4/pump/state,off
2026-06-15T13:32:46.225475,db4/temperature,None
2026-06-15T13:32:46.228835,db4/od,0
2026-06-15T13:32:46.229856,db4/pump/state,off
2026-06-15T13:32:48.677103,db4/temperature,None
2026-06-15T13:32:48.681490,db4/od,458
2026-06-15T13:32:48.681490,db4/pump/state,off
2026-06-15T13:32:51.136873,db4/temperature,None
2026-06-15T13:32:51.139392,db4/od,0
2026-06-15T13:32:51.141431,db4/pump/state,off
2026-06-15T13:32:53.493408,db4/temperature,None
2026-06-15T13:32:53.499729,db4/od,0
2026-06-15T13:32:53.499729,db4/pump/state,off
2026-06-15T13:32:55.850360,db4/temperature,None
2026-06-15T13:32:55.858200,db4/od,0
2026-06-15T13:32:55.866399,db4/pump/state,off
2026-06-15T13:32:58.255805,db4/temperature,None
2026-06-15T13:32:58.263910,db4/od,103
2026-06-15T13:32:58.265439,db4/pump/state,off
2026-06-15T13:33:00.870515,db4/temperature,None
2026-06-15T13:33:00.873590,db4/od,457
2026-06-15T13:33:00.874182,db4/pump/state,off
2026-06-15T13:33:03.124524,db4/temperature,None
2026-06-15T13:33:03.130048,db4/od,0
2026-06-15T13:33:03.130766,db4/pump/state,off
2026-06-15T13:33:05.572440,db4/temperature,None
2026-06-15T13:33:05.575516,db4/od,0
2026-06-15T13:33:05.577054,db4/pump/state,off
2026-06-15T13:33:08.032065,db4/temperature,None
2026-06-15T13:33:08.035666,db4/od,0
2026-06-15T13:33:08.035666,db4/pump/state,off
2026-06-15T13:33:10.405800,db4/temperature,None
2026-06-15T13:33:10.410990,db4/od,407
2026-06-15T13:33:10.410990,db4/pump/state,off
2026-06-15T13:33:12.747554,db4/temperature,None
2026-06-15T13:33:12.752406,db4/od,0
2026-06-15T13:33:12.754432,db4/pump/state,off
2026-06-15T13:33:15.196652,db4/temperature,None
2026-06-15T13:33:15.202355,db4/od,0
2026-06-15T13:33:15.203699,db4/pump/state,off
2026-06-15T13:33:17.527127,db4/temperature,None
2026-06-15T13:33:17.530385,db4/od,0
2026-06-15T13:33:17.537371,db4/pump/state,off
2026-06-15T13:33:20.109266,db4/temperature,None
2026-06-15T13:33:20.119552,db4/od,0
2026-06-15T13:33:20.121731,db4/pump/state,off
2026-06-15T13:33:22.469654,db4/temperature,None
2026-06-15T13:33:22.469654,db4/od,458
2026-06-15T13:33:22.469654,db4/pump/state,off
2026-06-15T13:33:24.923695,db4/temperature,None
2026-06-15T13:33:24.927186,db4/od,0
2026-06-15T13:33:24.930068,db4/pump/state,off
2026-06-15T13:33:27.282190,db4/temperature,None
2026-06-15T13:33:27.283977,db4/od,0
2026-06-15T13:33:27.283977,db4/pump/state,off
2026-06-15T13:33:29.738433,db4/temperature,None
2026-06-15T13:33:29.742645,db4/od,0
2026-06-15T13:33:29.745323,db4/pump/state,off
2026-06-15T13:33:32.095660,db4/temperature,None
2026-06-15T13:33:32.102452,db4/od,62
2026-06-15T13:33:32.105921,db4/pump/state,off
2026-06-15T13:33:34.560417,db4/temperature,None
2026-06-15T13:33:34.566027,db4/od,458
2026-06-15T13:33:34.568046,db4/pump/state,off
2026-06-15T13:33:36.846938,db4/temperature,None
2026-06-15T13:33:36.850149,db4/od,0
2026-06-15T13:33:36.853059,db4/pump/state,off
2026-06-15T13:33:39.363116,db4/temperature,None
2026-06-15T13:33:39.369280,db4/od,0
2026-06-15T13:33:39.371302,db4/pump/state,off
2026-06-15T13:33:41.728159,db4/temperature,None
2026-06-15T13:33:41.728159,db4/od,0
2026-06-15T13:33:41.738591,db4/pump/state,off
2026-06-15T13:33:44.174091,db4/temperature,None
2026-06-15T13:33:44.174091,db4/od,389
2026-06-15T13:33:44.184127,db4/pump/state,off
2026-06-15T13:33:46.632482,db4/temperature,None
2026-06-15T13:33:46.640534,db4/od,0
2026-06-15T13:33:46.642310,db4/pump/state,off
2026-06-15T13:33:48.996326,db4/temperature,24.475524
2026-06-15T13:33:48.998686,db4/od,0
2026-06-15T13:33:49.002241,db4/pump/state,off
2026-06-15T13:33:51.454387,db4/temperature,24.496338
2026-06-15T13:33:51.460752,db4/od,0
2026-06-15T13:33:51.465861,db4/pump/state,off
2026-06-15T13:33:53.909063,db4/temperature,24.550018
2026-06-15T13:33:53.909063,db4/od,0
2026-06-15T13:33:53.909063,db4/pump/state,off
2026-06-15T13:33:56.263202,db4/temperature,24.598266
2026-06-15T13:33:56.267898,db4/od,459
2026-06-15T13:33:56.267898,db4/pump/state,off
2026-06-15T13:33:58.721011,db4/temperature,24.662934
2026-06-15T13:33:58.721011,db4/od,0
2026-06-15T13:33:58.731356,db4/pump/state,off
2026-06-15T13:34:01.108459,db4/temperature,24.628968
2026-06-15T13:34:01.111059,db4/od,0
2026-06-15T13:34:01.113594,db4/pump/state,off
2026-06-15T13:34:03.534999,db4/temperature,24.653076
2026-06-15T13:34:03.537011,db4/od,0
2026-06-15T13:34:03.540040,db4/pump/state,off
2026-06-15T13:34:06.089748,db4/temperature,24.659668
2026-06-15T13:34:06.089748,db4/od,0
2026-06-15T13:34:06.096509,db4/pump/state,off
2026-06-15T13:34:08.344416,db4/temperature,24.630036
2026-06-15T13:34:08.347877,db4/od,459
2026-06-15T13:34:08.348985,db4/pump/state,off
2026-06-15T13:34:10.805330,db4/temperature,24.694732
2026-06-15T13:34:10.809036,db4/od,0
2026-06-15T13:34:10.809036,db4/pump/state,off
2026-06-15T13:34:13.155345,db4/temperature,24.702424
2026-06-15T13:34:13.155345,db4/od,0
2026-06-15T13:34:13.155345,db4/pump/state,off
2026-06-15T13:34:15.621972,db4/temperature,24.661834
2026-06-15T13:34:15.627176,db4/od,0
2026-06-15T13:34:15.628633,db4/pump/state,off
2026-06-15T13:34:17.996791,db4/temperature,24.678314
2026-06-15T13:34:18.001082,db4/od,230
2026-06-15T13:34:18.003024,db4/pump/state,off
2026-06-15T13:34:20.438924,db4/temperature,24.738648
2026-06-15T13:34:20.445462,db4/od,458
2026-06-15T13:34:20.447722,db4/pump/state,off
2026-06-15T13:34:22.887513,db4/temperature,24.7529
2026-06-15T13:34:22.896720,db4/od,0
2026-06-15T13:34:22.898882,db4/pump/state,off
2026-06-15T13:34:25.237226,db4/temperature,24.685974
2026-06-15T13:34:25.242527,db4/od,0
2026-06-15T13:34:25.247956,db4/pump/state,off
2026-06-15T13:34:27.704200,db4/temperature,24.604828
2026-06-15T13:34:27.708717,db4/od,0
2026-06-15T13:34:27.708717,db4/pump/state,off
2026-06-15T13:34:36.778066,db4/temperature,25.271728
2026-06-15T13:34:36.785560,db4/od,454
2026-06-15T13:34:36.785560,db4/pump/state,off
2026-06-15T13:34:39.166346,db4/temperature,25.375274
2026-06-15T13:34:39.170098,db4/od,0
2026-06-15T13:34:39.173425,db4/pump/state,off
2026-06-15T13:34:41.630448,db4/temperature,24.891236
2026-06-15T13:34:41.635852,db4/od,0
2026-06-15T13:34:41.639552,db4/pump/state,off
2026-06-15T13:34:43.979030,db4/temperature,24.905518
2026-06-15T13:34:43.982876,db4/od,0
2026-06-15T13:34:43.986745,db4/pump/state,off
2026-06-15T13:34:46.434181,db4/temperature,25.021972
2026-06-15T13:34:46.439476,db4/od,0
2026-06-15T13:34:46.439476,db4/pump/state,off
2026-06-15T13:34:48.730930,db4/temperature,24.766052
2026-06-15T13:34:48.733342,db4/od,459
2026-06-15T13:34:48.735176,db4/pump/state,off
2026-06-15T13:34:51.249229,db4/temperature,24.621276
2026-06-15T13:34:51.249229,db4/od,0
2026-06-15T13:34:51.252389,db4/pump/state,off
2026-06-15T13:34:53.560469,db4/temperature,24.994506
2026-06-15T13:34:53.564965,db4/od,0
2026-06-15T13:34:53.564965,db4/pump/state,off
2026-06-15T13:34:56.062509,db4/temperature,24.552216
2026-06-15T13:34:56.065260,db4/od,0
2026-06-15T13:34:56.065260,db4/pump/state,off
2026-06-15T13:34:58.512709,db4/temperature,24.447022
2026-06-15T13:34:58.519755,db4/od,120
2026-06-15T13:34:58.519755,db4/pump/state,off
2026-06-15T13:35:00.875129,db4/temperature,24.25003
2026-06-15T13:35:00.875129,db4/od,459
2026-06-15T13:35:00.875129,db4/pump/state,off
2026-06-15T13:35:01.975677,db4/pump/set,off
2026-06-15T13:35:02.912958,db4/pump/state,off
2026-06-15T13:35:03.329739,db4/temperature,24.297058
2026-06-15T13:35:03.329739,db4/od,0
2026-06-15T13:35:03.329739,db4/pump/state,off
2026-06-15T13:35:03.503928,db4/pump/set,on
2026-06-15T13:35:05.240132,db4/pump/state,on
2026-06-15T13:35:05.687476,db4/temperature,23.992066
2026-06-15T13:35:05.687476,db4/od,0
2026-06-15T13:35:05.692470,db4/pump/state,on
2026-06-15T13:35:07.540418,db4/pump/set,off
2026-06-15T13:35:08.146886,db4/temperature,23.618896
2026-06-15T13:35:08.151075,db4/od,0
2026-06-15T13:35:08.151075,db4/pump/state,on
2026-06-15T13:35:10.196191,db4/pump/state,off
2026-06-15T13:35:10.499913,db4/temperature,23.934174
2026-06-15T13:35:10.505440,db4/od,208
2026-06-15T13:35:10.510424,db4/pump/state,off
2026-06-15T13:35:13.064834,db4/temperature,24.140656
2026-06-15T13:35:13.067417,db4/od,458
2026-06-15T13:35:13.070468,db4/pump/state,off
2026-06-15T13:35:15.419156,db4/temperature,23.918884
2026-06-15T13:35:15.421786,db4/od,0
2026-06-15T13:35:15.424317,db4/pump/state,off
2026-06-15T13:35:17.880185,db4/temperature,24.573028
2026-06-15T13:35:17.884217,db4/od,0
2026-06-15T13:35:17.886781,db4/pump/state,off
2026-06-15T13:35:20.234223,db4/temperature,26.682006
2026-06-15T13:35:20.236064,db4/od,0
2026-06-15T13:35:20.237147,db4/pump/state,off
2026-06-15T13:35:22.685418,db4/temperature,28.112336
2026-06-15T13:35:22.692242,db4/od,459
2026-06-15T13:35:22.692242,db4/pump/state,off
2026-06-15T13:35:25.148415,db4/temperature,28.400208
2026-06-15T13:35:25.151300,db4/od,0
2026-06-15T13:35:25.153345,db4/pump/state,off
2026-06-15T13:35:27.501104,db4/temperature,27.786988
2026-06-15T13:35:27.505134,db4/od,0
2026-06-15T13:35:27.507492,db4/pump/state,off
2026-06-15T13:46:20.757423,db4/temperature,21.604278
2026-06-15T13:46:20.757423,db4/od,226
2026-06-15T13:46:20.765021,db4/pump/state,off
2026-06-15T13:46:45.541977,db4/temperature,20.675262
2026-06-15T13:46:45.541977,db4/od,454
2026-06-15T13:46:45.545761,db4/pump1/state,off
2026-06-15T13:46:45.547408,db4/pump2/state,off
2026-06-15T13:46:48.105484,db4/temperature,20.73993
2026-06-15T13:46:48.108735,db4/od,0
2026-06-15T13:46:48.112197,db4/pump1/state,off
2026-06-15T13:46:48.114806,db4/pump2/state,off
2026-06-15T13:46:50.466583,db4/temperature,20.786286
2026-06-15T13:46:50.473389,db4/od,0
2026-06-15T13:46:50.474679,db4/pump1/state,off
2026-06-15T13:46:50.475694,db4/pump2/state,off
2026-06-15T13:46:52.914471,db4/temperature,20.7474668
2026-06-15T13:46:52.916570,db4/od,0
2026-06-15T13:46:52.919609,db4/pump1/state,off
2026-06-15T13:46:52.920857,db4/pump2/state,off
2026-06-15T13:46:55.271568,db4/temperature,20.780914
2026-06-15T13:46:55.271568,db4/od,7
2026-06-15T13:46:55.273673,db4/pump1/state,off
2026-06-15T13:46:55.275186,db4/pump2/state,off
2026-06-15T13:46:57.725058,db4/temperature,20.799224
2026-06-15T13:46:57.725058,db4/od,454
2026-06-15T13:46:57.725058,db4/pump1/state,off
2026-06-15T13:46:57.725058,db4/pump2/state,off
2026-06-15T13:47:00.040210,db4/temperature,20.7474668
2026-06-15T13:47:00.041878,db4/od,0
2026-06-15T13:47:00.041878,db4/pump1/state,off
2026-06-15T13:47:00.043437,db4/pump2/state,off
2026-06-15T13:47:02.549477,db4/temperature,20.78952
2026-06-15T13:47:02.551620,db4/od,0
2026-06-15T13:47:02.553423,db4/pump1/state,off
2026-06-15T13:47:02.554971,db4/pump2/state,off
2026-06-15T13:47:05.000528,db4/temperature,20.7518
2026-06-15T13:47:05.004023,db4/od,0
2026-06-15T13:47:05.005645,db4/pump1/state,off
2026-06-15T13:47:05.005645,db4/pump2/state,off
2026-06-15T13:47:07.354808,db4/temperature,20.73993
2026-06-15T13:47:07.359124,db4/od,191
2026-06-15T13:47:07.360655,db4/pump1/state,off
2026-06-15T13:47:07.362301,db4/pump2/state,off
2026-06-15T13:47:09.919490,db4/temperature,20.64618
2026-06-15T13:47:09.921392,db4/od,454
2026-06-15T13:47:09.925433,db4/pump1/state,off
2026-06-15T13:47:09.932024,db4/pump2/state,off
2026-06-15T13:47:12.274169,db4/temperature,20.743164
2026-06-15T13:47:12.277538,db4/od,0
2026-06-15T13:47:12.281317,db4/pump1/state,off
2026-06-15T13:47:12.291276,db4/pump2/state,off
2026-06-15T13:47:14.626871,db4/temperature,20.694672
2026-06-15T13:47:14.626871,db4/od,0
2026-06-15T13:47:14.626871,db4/pump1/state,off
2026-06-15T13:47:14.637842,db4/pump2/state,off
2026-06-15T13:47:17.286244,db4/temperature,20.728088
2026-06-15T13:47:17.289397,db4/od,0
2026-06-15T13:47:17.292750,db4/pump1/state,off
2026-06-15T13:47:17.296650,db4/pump2/state,off
2026-06-15T13:47:19.753050,db4/temperature,20.715148
2026-06-15T13:47:19.760907,db4/od,389
2026-06-15T13:47:19.762035,db4/pump1/state,off
2026-06-15T13:47:19.765779,db4/pump2/state,off
2026-06-15T13:47:21.433274,db4/pump1/set,on
2026-06-15T13:47:21.790262,db4/temperature,20.679566
2026-06-15T13:47:21.800919,db4/od,453
2026-06-15T13:47:21.805353,db4/pump1/state,off
2026-06-15T13:47:21.810075,db4/pump2/state,off
2026-06-15T13:47:24.042233,db4/pump1/state,on
2026-06-15T13:47:24.214279,db4/temperature,20.600922
2026-06-15T13:47:24.214279,db4/od,0
2026-06-15T13:47:24.214279,db4/pump1/state,on
2026-06-15T13:47:24.220581,db4/pump2/state,off
2026-06-15T13:47:26.706049,db4/temperature,20.696808
2026-06-15T13:47:26.706049,db4/od,0
2026-06-15T13:47:26.706049,db4/pump1/state,on
2026-06-15T13:47:26.716136,db4/pump2/state,off
2026-06-15T13:47:27.333460,db4/pump2/set,on
2026-06-15T13:47:28.753784,db4/pump2/state,on
2026-06-15T13:47:29.165780,db4/temperature,20.58905
2026-06-15T13:47:29.169567,db4/od,0
2026-06-15T13:47:29.170473,db4/pump1/state,on
2026-06-15T13:47:29.172229,db4/pump2/state,on
2026-06-15T13:47:31.714958,db4/temperature,20.667724
2026-06-15T13:47:31.727111,db4/od,428
2026-06-15T13:47:31.731345,db4/pump1/state,on
2026-06-15T13:47:31.734179,db4/pump2/state,on
2026-06-15T13:47:31.966541,db4/pump2/set,off
2026-06-15T13:47:33.669934,db4/pump2/state,off
2026-06-15T13:47:33.967253,db4/temperature,20.65158
2026-06-15T13:47:33.978693,db4/od,453
2026-06-15T13:47:33.980310,db4/pump1/state,on
2026-06-15T13:47:33.981539,db4/pump2/state,off
2026-06-15T13:47:36.212070,db4/pump1/set,off
2026-06-15T13:47:36.321780,db4/temperature,20.709778
2026-06-15T13:47:36.322336,db4/od,0
2026-06-15T13:47:36.324373,db4/pump1/state,on
2026-06-15T13:47:36.328525,db4/pump2/state,off
2026-06-15T13:47:38.319862,db4/pump1/state,off
2026-06-15T13:47:38.901247,db4/temperature,20.674194
2026-06-15T13:47:38.914604,db4/od,0
2026-06-15T13:47:38.915872,db4/pump1/state,off
2026-06-15T13:47:38.919505,db4/pump2/state,off
2026-06-15T13:47:41.262928,db4/temperature,20.731292
2026-06-15T13:47:41.264210,db4/od,0
2026-06-15T13:47:41.269799,db4/pump1/state,off
2026-06-15T13:47:41.270358,db4/pump2/state,off
2026-06-15T13:47:43.594009,db4/temperature,20.71408
2026-06-15T13:47:43.606234,db4/od,447
2026-06-15T13:47:43.607442,db4/pump1/state,off
2026-06-15T13:47:43.609461,db4/pump2/state,off
2026-06-15T13:47:46.069343,db4/temperature,20.719452
2026-06-15T13:47:46.072437,db4/od,0
2026-06-15T13:47:46.074450,db4/pump1/state,off
2026-06-15T13:47:46.076469,db4/pump2/state,off
2026-06-15T13:47:48.524068,db4/temperature,20.724854
2026-06-15T13:47:48.531081,db4/od,0
2026-06-15T13:47:48.533095,db4/pump1/state,off
2026-06-15T13:47:48.533095,db4/pump2/state,off
2026-06-15T13:47:50.973784,db4/temperature,20.730224
2026-06-15T13:47:50.978269,db4/od,0
2026-06-15T13:47:50.984600,db4/pump1/state,off
2026-06-15T13:47:50.987201,db4/pump2/state,off
2026-06-15T13:47:53.336262,db4/temperature,20.634338
2026-06-15T13:47:53.339511,db4/od,0
2026-06-15T13:47:53.341126,db4/pump1/state,off
2026-06-15T13:47:53.342738,db4/pump2/state,off
2026-06-15T13:47:55.786455,db4/temperature,20.66449
2026-06-15T13:47:55.796076,db4/od,451
2026-06-15T13:47:55.798554,db4/pump1/state,off
2026-06-15T13:47:55.802638,db4/pump2/state,off
2026-06-15T13:47:58.243402,db4/temperature,20.691436
2026-06-15T13:47:58.245418,db4/od,0
2026-06-15T13:47:58.247934,db4/pump1/state,off
2026-06-15T13:47:58.250033,db4/pump2/state,off
2026-06-15T13:48:00.599111,db4/temperature,20.674194
2026-06-15T13:48:00.602423,db4/od,0
2026-06-15T13:48:00.606447,db4/pump1/state,off
2026-06-15T13:48:00.609830,db4/pump2/state,off
2026-06-15T13:48:03.266557,db4/temperature,21.637786
2026-06-15T13:48:03.270207,db4/od,0
2026-06-15T13:48:03.272762,db4/pump1/state,off
2026-06-15T13:48:03.279999,db4/pump2/state,off
2026-06-15T13:48:05.324056,db4/temperature,24.278472
2026-06-15T13:48:05.324056,db4/od,0
2026-06-15T13:48:05.336663,db4/pump1/state,off
2026-06-15T13:48:05.339544,db4/pump2/state,off
2026-06-15T13:48:07.880718,db4/temperature,25.7968752
2026-06-15T13:48:07.884797,db4/od,454
2026-06-15T13:48:07.888440,db4/pump1/state,off
2026-06-15T13:48:07.890451,db4/pump2/state,off
2026-06-15T13:48:10.443263,db4/temperature,26.866912
2026-06-15T13:48:10.447462,db4/od,0
2026-06-15T13:48:10.451767,db4/pump1/state,off
2026-06-15T13:48:10.455797,db4/pump2/state,off
2026-06-15T13:48:12.702192,db4/temperature,27.516418
2026-06-15T13:48:12.702192,db4/od,0
2026-06-15T13:48:12.707825,db4/pump1/state,off
2026-06-15T13:48:12.712107,db4/pump2/state,off
2026-06-15T13:48:15.141176,db4/temperature,27.84433
2026-06-15T13:48:15.148380,db4/od,0
2026-06-15T13:48:15.152058,db4/pump1/state,off
2026-06-15T13:48:15.154073,db4/pump2/state,off
2026-06-15T13:48:17.502346,db4/temperature,28.268036
2026-06-15T13:48:17.507428,db4/od,106
2026-06-15T13:48:17.509867,db4/pump1/state,off
2026-06-15T13:48:17.511320,db4/pump2/state,off
2026-06-15T13:48:20.055938,db4/temperature,28.45224
2026-06-15T13:48:20.063127,db4/od,457
2026-06-15T13:48:20.071950,db4/pump1/state,off
2026-06-15T13:48:20.073686,db4/pump2/state,off
2026-06-15T13:48:22.410498,db4/temperature,28.675354
2026-06-15T13:48:22.410498,db4/od,0
2026-06-15T13:48:22.416253,db4/pump1/state,off
2026-06-15T13:48:22.422789,db4/pump2/state,off
2026-06-15T13:48:24.757841,db4/temperature,28.858062
2026-06-15T13:48:24.771314,db4/od,0
2026-06-15T13:48:24.774711,db4/pump1/state,off
2026-06-15T13:48:24.776729,db4/pump2/state,off
2026-06-15T13:48:27.227906,db4/temperature,28.994446
2026-06-15T13:48:27.232896,db4/od,0
2026-06-15T13:48:27.235700,db4/pump1/state,off
2026-06-15T13:48:27.239324,db4/pump2/state,off
2026-06-15T13:48:29.581548,db4/temperature,29.06726
2026-06-15T13:48:29.583561,db4/od,288
2026-06-15T13:48:29.585575,db4/pump1/state,off
2026-06-15T13:48:29.587095,db4/pump2/state,off
2026-06-15T13:48:32.038985,db4/temperature,29.110534
2026-06-15T13:48:32.045486,db4/od,457
2026-06-15T13:48:32.049525,db4/pump1/state,off
2026-06-15T13:48:32.056034,db4/pump2/state,off
2026-06-15T13:48:34.488821,db4/temperature,29.191436
2026-06-15T13:48:34.500330,db4/od,0
2026-06-15T13:48:34.501676,db4/pump1/state,off
2026-06-15T13:48:34.501676,db4/pump2/state,off
2026-06-15T13:48:36.846534,db4/temperature,29.249572
2026-06-15T13:48:36.854917,db4/od,0
2026-06-15T13:48:36.855503,db4/pump1/state,off
2026-06-15T13:48:36.857992,db4/pump2/state,off
2026-06-15T13:48:39.507966,db4/temperature,29.387664
2026-06-15T13:48:39.512557,db4/od,0
2026-06-15T13:48:39.514575,db4/pump1/state,off
2026-06-15T13:48:39.516595,db4/pump2/state,off
2026-06-15T13:48:41.667150,db4/temperature,29.400238
2026-06-15T13:48:41.673080,db4/od,457
2026-06-15T13:48:41.679359,db4/pump1/state,off
2026-06-15T13:48:41.680994,db4/pump2/state,off
2026-06-15T13:48:44.323860,db4/temperature,29.50653
2026-06-15T13:48:44.326260,db4/od,0
2026-06-15T13:48:44.331108,db4/pump1/state,off
2026-06-15T13:48:44.331108,db4/pump2/state,off
2026-06-15T13:48:46.475510,db4/temperature,29.483674
2026-06-15T13:48:46.480827,db4/od,0
2026-06-15T13:48:46.482881,db4/pump1/state,off
2026-06-15T13:48:46.484912,db4/pump2/state,off
2026-06-15T13:48:48.932686,db4/temperature,29.560302
2026-06-15T13:48:48.934874,db4/od,1
2026-06-15T13:48:48.940408,db4/pump1/state,off
2026-06-15T13:48:48.941708,db4/pump2/state,off
2026-06-15T13:48:51.498048,db4/temperature,29.628998
2026-06-15T13:48:51.504220,db4/od,1
2026-06-15T13:48:51.512823,db4/pump1/state,off
2026-06-15T13:48:51.517230,db4/pump2/state,off
2026-06-15T13:48:53.749256,db4/temperature,29.601502
2026-06-15T13:48:53.755647,db4/od,454
2026-06-15T13:48:53.758095,db4/pump1/state,off
2026-06-15T13:48:53.760301,db4/pump2/state,off
2026-06-15T13:48:56.216914,db4/temperature,29.679412
2026-06-15T13:48:56.216914,db4/od,1
2026-06-15T13:48:56.216914,db4/pump1/state,off
2026-06-15T13:48:56.216914,db4/pump2/state,off
2026-06-15T13:48:58.662335,db4/temperature,29.601502
2026-06-15T13:48:58.663898,db4/od,1
2026-06-15T13:48:58.669532,db4/pump1/state,off
2026-06-15T13:48:58.671359,db4/pump2/state,off
2026-06-15T13:49:01.015987,db4/temperature,29.627838
2026-06-15T13:49:01.018331,db4/od,1
2026-06-15T13:49:01.020403,db4/pump1/state,off
2026-06-15T13:49:01.021298,db4/pump2/state,off
2026-06-15T13:49:03.473217,db4/temperature,29.678254
2026-06-15T13:49:03.478120,db4/od,0
2026-06-15T13:49:03.479513,db4/pump1/state,off
2026-06-15T13:49:03.479513,db4/pump2/state,off
2026-06-15T13:49:05.768994,db4/temperature,29.598084
2026-06-15T13:49:05.768994,db4/od,457
2026-06-15T13:49:05.777910,db4/pump1/state,off
2026-06-15T13:49:05.779430,db4/pump2/state,off
2026-06-15T13:49:08.285974,db4/temperature,29.611816
2026-06-15T13:49:08.287991,db4/od,1
2026-06-15T13:49:08.292024,db4/pump1/state,off
2026-06-15T13:49:08.297090,db4/pump2/state,off
2026-06-15T13:49:10.978356,db4/temperature,29.687408
2026-06-15T13:49:10.980372,db4/od,1
2026-06-15T13:49:10.995792,db4/pump1/state,off
2026-06-15T13:49:10.998315,db4/pump2/state,off
2026-06-15T13:49:13.107556,db4/temperature,29.749298
2026-06-15T13:49:13.110813,db4/od,1
2026-06-15T13:49:13.112908,db4/pump1/state,off
2026-06-15T13:49:13.114766,db4/pump2/state,off
2026-06-15T13:49:15.454554,db4/temperature,29.554596
2026-06-15T13:49:15.459468,db4/od,80
2026-06-15T13:49:15.463500,db4/pump1/state,off
2026-06-15T13:49:15.470093,db4/pump2/state,off
2026-06-15T13:49:17.914523,db4/temperature,29.076386
2026-06-15T13:49:17.916898,db4/od,457
2026-06-15T13:49:17.920320,db4/pump1/state,off
2026-06-15T13:49:17.923648,db4/pump2/state,off
2026-06-15T13:49:20.271469,db4/temperature,28.563172
2026-06-15T13:49:20.274394,db4/od,1
2026-06-15T13:49:20.275621,db4/pump1/state,off
2026-06-15T13:49:20.295753,db4/pump2/state,off
2026-06-15T13:49:22.830647,db4/temperature,28.240936
2026-06-15T13:49:22.837572,db4/od,1
2026-06-15T13:49:22.839596,db4/pump1/state,off
2026-06-15T13:49:22.839596,db4/pump2/state,off
2026-06-15T13:49:25.183568,db4/temperature,27.957978
2026-06-15T13:49:25.201072,db4/od,1
2026-06-15T13:49:25.201072,db4/pump1/state,off
2026-06-15T13:49:25.201072,db4/pump2/state,off
2026-06-15T13:49:27.773305,db4/temperature,27.555694
2026-06-15T13:49:27.784331,db4/od,269
2026-06-15T13:49:27.785463,db4/pump1/state,off
2026-06-15T13:49:27.785463,db4/pump2/state,off
2026-06-15T13:49:29.994308,db4/temperature,27.304748
2026-06-15T13:49:29.997726,db4/od,457
2026-06-15T13:49:29.999745,db4/pump1/state,off
2026-06-15T13:49:30.003636,db4/pump2/state,off
2026-06-15T13:49:32.455610,db4/temperature,26.96283
2026-06-15T13:49:32.459685,db4/od,1
2026-06-15T13:49:32.461718,db4/pump1/state,off
2026-06-15T13:49:32.462744,db4/pump2/state,off
2026-06-15T13:49:34.911004,db4/temperature,26.710938
2026-06-15T13:49:34.918432,db4/od,1
2026-06-15T13:49:34.920409,db4/pump1/state,off
2026-06-15T13:49:34.922434,db4/pump2/state,off
2026-06-15T13:49:37.265482,db4/temperature,26.477356
2026-06-15T13:49:37.267276,db4/od,1
2026-06-15T13:49:37.272302,db4/pump1/state,off
2026-06-15T13:49:37.273966,db4/pump2/state,off
2026-06-15T13:49:39.724846,db4/temperature,26.26416
2026-06-15T13:49:39.734364,db4/od,457
2026-06-15T13:49:39.737792,db4/pump1/state,off
2026-06-15T13:49:39.741868,db4/pump2/state,off
2026-06-15T13:49:42.078272,db4/temperature,26.044708
2026-06-15T13:49:42.080072,db4/od,0
2026-06-15T13:49:42.082705,db4/pump1/state,off
2026-06-15T13:49:42.084723,db4/pump2/state,off
2026-06-15T13:49:44.568538,db4/temperature,25.831146
2026-06-15T13:49:44.571580,db4/od,0
2026-06-15T13:49:44.573112,db4/pump1/state,off
2026-06-15T13:49:44.573112,db4/pump2/state,off
2026-06-15T13:49:46.995043,db4/temperature,25.66211
2026-06-15T13:49:46.996592,db4/od,0
2026-06-15T13:49:46.998886,db4/pump1/state,off
2026-06-15T13:49:47.000900,db4/pump2/state,off
2026-06-15T13:49:49.351535,db4/temperature,25.485534
2026-06-15T13:49:49.353565,db4/od,0
2026-06-15T13:49:49.355082,db4/pump1/state,off
2026-06-15T13:49:49.358708,db4/pump2/state,off
2026-06-15T13:49:51.811907,db4/temperature,25.330108
2026-06-15T13:49:51.815935,db4/od,457
2026-06-15T13:49:51.817947,db4/pump1/state,off
2026-06-15T13:49:51.820013,db4/pump2/state,off
2026-06-15T13:49:54.165182,db4/temperature,25.233216
2026-06-15T13:49:54.167689,db4/od,0
2026-06-15T13:49:54.167689,db4/pump1/state,off
2026-06-15T13:49:54.171759,db4/pump2/state,off
2026-06-15T13:49:56.619545,db4/temperature,25.046174
2026-06-15T13:49:56.622241,db4/od,0
2026-06-15T13:49:56.625683,db4/pump1/state,off
2026-06-15T13:49:56.625683,db4/pump2/state,off
2026-06-15T13:49:59.078880,db4/temperature,24.91977
2026-06-15T13:49:59.081505,db4/od,0
2026-06-15T13:49:59.085533,db4/pump1/state,off
2026-06-15T13:49:59.085533,db4/pump2/state,off
2026-06-15T13:50:01.434913,db4/temperature,24.76825
2026-06-15T13:50:01.438328,db4/od,0
2026-06-15T13:50:01.439567,db4/pump1/state,off
2026-06-15T13:50:01.440711,db4/pump2/state,off
2026-06-15T13:50:03.886905,db4/temperature,24.575256
2026-06-15T13:50:03.886905,db4/od,457
2026-06-15T13:50:03.894830,db4/pump1/state,off
2026-06-15T13:50:03.897398,db4/pump2/state,off
2026-06-15T13:50:06.245120,db4/temperature,24.613616
2026-06-15T13:50:06.245120,db4/od,0
2026-06-15T13:50:06.250018,db4/pump1/state,off
2026-06-15T13:50:06.250018,db4/pump2/state,off
2026-06-15T13:50:08.700620,db4/temperature,24.537964
2026-06-15T13:50:08.700620,db4/od,0
2026-06-15T13:50:08.708655,db4/pump1/state,off
2026-06-15T13:50:08.713983,db4/pump2/state,off
2026-06-15T13:50:11.263849,db4/temperature,24.404328
2026-06-15T13:50:11.268638,db4/od,0
2026-06-15T13:50:11.272870,db4/pump1/state,off
2026-06-15T13:50:11.276144,db4/pump2/state,off
2026-06-15T13:50:13.520721,db4/temperature,24.397766
2026-06-15T13:50:13.523359,db4/od,214
2026-06-15T13:50:13.526434,db4/pump1/state,off
2026-06-15T13:50:13.527799,db4/pump2/state,off
2026-06-15T13:50:16.271648,db4/temperature,24.21283
2026-06-15T13:50:16.276238,db4/od,457
2026-06-15T13:50:16.278256,db4/pump1/state,off
2026-06-15T13:50:16.278256,db4/pump2/state,off
2026-06-15T13:50:18.323837,db4/temperature,24.066346
2026-06-15T13:50:18.333361,db4/od,0
2026-06-15T13:50:18.335855,db4/pump1/state,off
2026-06-15T13:50:18.338688,db4/pump2/state,off
2026-06-15T13:50:20.782154,db4/temperature,24.004058
2026-06-15T13:50:20.786739,db4/od,0
2026-06-15T13:50:20.791271,db4/pump1/state,off
2026-06-15T13:50:20.792610,db4/pump2/state,off
2026-06-15T13:50:23.149030,db4/temperature,23.985504
2026-06-15T13:50:23.153063,db4/od,0
2026-06-15T13:50:23.156236,db4/pump1/state,off
2026-06-15T13:50:23.166844,db4/pump2/state,off
2026-06-15T13:50:25.594378,db4/temperature,23.876312
2026-06-15T13:50:25.604179,db4/od,394
2026-06-15T13:50:25.607422,db4/pump1/state,off
2026-06-15T13:50:25.610293,db4/pump2/state,off
2026-06-15T13:50:28.058618,db4/temperature,23.787934
2026-06-15T13:50:28.064790,db4/od,457
2026-06-15T13:50:28.065575,db4/pump1/state,off
2026-06-15T13:50:28.065575,db4/pump2/state,off
2026-06-15T13:50:30.622253,db4/temperature,23.633056
2026-06-15T13:50:30.625379,db4/od,0
2026-06-15T13:50:30.627396,db4/pump1/state,off
2026-06-15T13:50:30.629409,db4/pump2/state,off
2026-06-15T13:50:32.869082,db4/temperature,23.56549
2026-06-15T13:50:32.872756,db4/od,0
2026-06-15T13:50:32.873800,db4/pump1/state,off
2026-06-15T13:50:32.875818,db4/pump2/state,off
2026-06-15T13:50:35.325413,db4/temperature,23.55896
2026-06-15T13:50:35.328192,db4/od,0
2026-06-15T13:50:35.328192,db4/pump1/state,off
2026-06-15T13:50:35.335754,db4/pump2/state,off
2026-06-15T13:50:37.682220,db4/temperature,23.50232
2026-06-15T13:50:37.685776,db4/od,457
2026-06-15T13:50:37.687793,db4/pump1/state,off
2026-06-15T13:50:37.689980,db4/pump2/state,off
2026-06-15T13:50:40.286628,db4/temperature,23.478332
2026-06-15T13:50:40.300565,db4/od,0
2026-06-15T13:50:40.303137,db4/pump1/state,off
2026-06-15T13:50:40.310570,db4/pump2/state,off
2026-06-15T13:50:42.525455,db4/temperature,23.479432
2026-06-15T13:50:42.530117,db4/od,0
2026-06-15T13:50:42.530117,db4/pump1/state,off
2026-06-15T13:50:42.532151,db4/pump2/state,off
2026-06-15T13:50:44.954123,db4/temperature,23.306336
2026-06-15T13:50:44.960769,db4/od,0
2026-06-15T13:50:44.971031,db4/pump1/state,off
2026-06-15T13:50:44.973041,db4/pump2/state,off
2026-06-15T13:50:47.408382,db4/temperature,23.279114
2026-06-15T13:50:47.415855,db4/od,0
2026-06-15T13:50:47.427594,db4/pump1/state,off
2026-06-15T13:50:47.429897,db4/pump2/state,off
2026-06-15T13:50:49.780972,db4/temperature,23.322632
2026-06-15T13:50:49.787160,db4/od,453
2026-06-15T13:50:49.788390,db4/pump1/state,off
2026-06-15T13:50:49.788390,db4/pump2/state,off
2026-06-15T13:50:52.222036,db4/temperature,23.214936
2026-06-15T13:50:52.222036,db4/od,0
2026-06-15T13:50:52.222036,db4/pump1/state,off
2026-06-15T13:50:52.233293,db4/pump2/state,off
2026-06-15T13:50:54.790337,db4/temperature,23.179016
2026-06-15T13:50:54.802548,db4/od,0
2026-06-15T13:50:54.804100,db4/pump1/state,off
2026-06-15T13:50:54.808312,db4/pump2/state,off
2026-06-15T13:50:57.241501,db4/temperature,23.087708
2026-06-15T13:50:57.245469,db4/od,0
2026-06-15T13:50:57.247877,db4/pump1/state,off
2026-06-15T13:50:57.247877,db4/pump2/state,off
2026-06-15T13:50:59.495947,db4/temperature,22.930146
2026-06-15T13:50:59.499760,db4/od,80
2026-06-15T13:50:59.501274,db4/pump1/state,off
2026-06-15T13:50:59.503832,db4/pump2/state,off
2026-06-15T13:51:01.841502,db4/temperature,22.762908
2026-06-15T13:51:01.853004,db4/od,454
2026-06-15T13:51:01.854177,db4/pump1/state,off
2026-06-15T13:51:01.858293,db4/pump2/state,off
2026-06-15T13:51:04.308352,db4/temperature,22.638122
2026-06-15T13:51:04.315025,db4/od,0
2026-06-15T13:51:04.315756,db4/pump1/state,off
2026-06-15T13:51:04.319106,db4/pump2/state,off
2026-06-15T13:51:06.657016,db4/temperature,22.542694
2026-06-15T13:51:06.662854,db4/od,0
2026-06-15T13:51:06.664869,db4/pump1/state,off
2026-06-15T13:51:06.667497,db4/pump2/state,off
2026-06-15T13:51:09.235164,db4/temperature,22.439698
2026-06-15T13:51:09.240220,db4/od,0
2026-06-15T13:51:09.240220,db4/pump1/state,off
2026-06-15T13:51:09.244667,db4/pump2/state,off
2026-06-15T13:51:11.593833,db4/temperature,22.338898
2026-06-15T13:51:11.597949,db4/od,296
2026-06-15T13:51:11.599966,db4/pump1/state,off
2026-06-15T13:51:11.599966,db4/pump2/state,off
2026-06-15T13:51:14.035026,db4/temperature,22.206756
2026-06-15T13:51:14.037063,db4/od,450
2026-06-15T13:51:14.037671,db4/pump1/state,off
2026-06-15T13:51:14.037671,db4/pump2/state,off
2026-06-15T13:51:16.385535,db4/temperature,22.081176
2026-06-15T13:51:16.392767,db4/od,0
2026-06-15T13:51:16.395808,db4/pump1/state,off
2026-06-15T13:51:16.400422,db4/pump2/state,off
2026-06-15T13:51:18.676742,db4/temperature,21.969726
2026-06-15T13:51:18.685973,db4/od,0
2026-06-15T13:51:18.688879,db4/pump1/state,off
2026-06-15T13:51:18.689554,db4/pump2/state,off
2026-06-15T13:51:21.197307,db4/temperature,21.90158
2026-06-15T13:51:21.197307,db4/od,0
2026-06-15T13:51:21.207565,db4/pump1/state,off
2026-06-15T13:51:21.212209,db4/pump2/state,off
2026-06-15T13:51:23.657695,db4/temperature,21.84967
2026-06-15T13:51:23.665496,db4/od,454
2026-06-15T13:51:23.666010,db4/pump1/state,off
2026-06-15T13:51:23.674208,db4/pump2/state,off
2026-06-15T13:51:25.566485,db4/pump1/set,on
2026-06-15T13:51:26.013319,db4/temperature,21.767486
2026-06-15T13:51:26.031446,db4/od,0
2026-06-15T13:51:26.038483,db4/pump1/state,off
2026-06-15T13:51:26.044638,db4/pump2/state,off
2026-06-15T13:51:28.257936,db4/pump1/state,on
2026-06-15T13:51:28.371342,db4/temperature,21.688598
2026-06-15T13:51:28.381373,db4/od,0
2026-06-15T13:51:28.385977,db4/pump1/state,on
2026-06-15T13:51:28.385977,db4/pump2/state,off
2026-06-15T13:51:29.139113,db4/pump1/set,on
2026-06-15T13:51:30.627537,db4/pump1/state,on
2026-06-15T13:51:30.729487,db4/temperature,21.575104
2026-06-15T13:51:30.818975,db4/od,0
2026-06-15T13:51:30.829542,db4/pump1/state,on
2026-06-15T13:51:30.829542,db4/pump2/state,off
2026-06-15T13:51:33.284419,db4/temperature,21.5373232
2026-06-15T13:51:33.284419,db4/od,0
2026-06-15T13:51:33.292345,db4/pump1/state,on
2026-06-15T13:51:33.292345,db4/pump2/state,off
2026-06-15T13:51:35.739219,db4/temperature,21.476806
2026-06-15T13:51:35.744720,db4/od,454
2026-06-15T13:51:35.747850,db4/pump1/state,on
2026-06-15T13:51:35.752859,db4/pump2/state,off
2026-06-15T13:51:38.201735,db4/temperature,21.476806
2026-06-15T13:51:38.207412,db4/od,0
2026-06-15T13:51:38.209430,db4/pump1/state,on
2026-06-15T13:51:38.211440,db4/pump2/state,off
2026-06-15T13:51:40.555457,db4/temperature,21.33429
2026-06-15T13:51:40.560973,db4/od,0
2026-06-15T13:51:40.562632,db4/pump1/state,on
2026-06-15T13:51:40.564649,db4/pump2/state,off
2026-06-15T13:51:41.841294,db4/pump1/set,off
2026-06-15T13:51:42.594763,db4/pump1/state,off
2026-06-15T13:51:43.013372,db4/temperature,21.202606
2026-06-15T13:51:43.013372,db4/od,0
2026-06-15T13:51:43.019389,db4/pump1/state,off
2026-06-15T13:51:43.020195,db4/pump2/state,off
2026-06-15T13:51:45.198200,db4/pump2/set,on
2026-06-15T13:51:45.296297,db4/temperature,21.253326
2026-06-15T13:51:45.299934,db4/od,0
2026-06-15T13:51:45.302876,db4/pump1/state,off
2026-06-15T13:51:45.305427,db4/pump2/state,off
2026-06-15T13:51:47.415222,db4/pump2/state,on
2026-06-15T13:51:47.826886,db4/temperature,21.185334
2026-06-15T13:51:47.832316,db4/od,454
2026-06-15T13:51:47.843177,db4/pump1/state,off
2026-06-15T13:51:47.843177,db4/pump2/state,on
2026-06-15T13:51:50.286024,db4/temperature,21.159424
2026-06-15T13:51:50.288432,db4/od,0
2026-06-15T13:51:50.293226,db4/pump1/state,off
2026-06-15T13:51:50.294706,db4/pump2/state,on
2026-06-15T13:51:52.636585,db4/temperature,21.14972
2026-06-15T13:51:52.640970,db4/od,0
2026-06-15T13:51:52.643517,db4/pump1/state,off
2026-06-15T13:51:52.647758,db4/pump2/state,on
2026-06-15T13:51:55.097106,db4/temperature,21.165924
2026-06-15T13:51:55.100249,db4/od,0
2026-06-15T13:51:55.101342,db4/pump1/state,off
2026-06-15T13:51:55.103682,db4/pump2/state,on
2026-06-15T13:51:57.147951,db4/pump2/set,off
2026-06-15T13:51:57.442806,db4/temperature,21.133544
2026-06-15T13:51:57.442806,db4/od,0
2026-06-15T13:51:57.454901,db4/pump1/state,off
2026-06-15T13:51:57.458259,db4/pump2/state,on
2026-06-15T13:51:59.497201,db4/pump2/state,off
2026-06-15T13:51:59.907116,db4/temperature,21.01596
2026-06-15T13:51:59.907116,db4/od,452
2026-06-15T13:51:59.907116,db4/pump1/state,off
2026-06-15T13:51:59.907116,db4/pump2/state,off
2026-06-15T13:52:02.360943,db4/temperature,21.083924
2026-06-15T13:52:02.372671,db4/od,0
2026-06-15T13:52:02.378057,db4/pump1/state,off
2026-06-15T13:52:02.382785,db4/pump2/state,off
2026-06-15T13:52:04.728208,db4/temperature,21.031036
2026-06-15T13:52:04.729991,db4/od,1
2026-06-15T13:52:04.731584,db4/pump1/state,off
2026-06-15T13:52:04.733015,db4/pump2/state,off
2026-06-15T13:52:07.177557,db4/temperature,20.97821
2026-06-15T13:52:07.184431,db4/od,1
2026-06-15T13:52:07.189063,db4/pump1/state,off
2026-06-15T13:52:07.189063,db4/pump2/state,off
2026-06-15T13:52:09.641178,db4/temperature,20.963104
2026-06-15T13:52:09.643172,db4/od,0
2026-06-15T13:52:09.646215,db4/pump1/state,off
2026-06-15T13:52:09.646215,db4/pump2/state,off
2026-06-15T13:52:11.996393,db4/temperature,20.956634
2026-06-15T13:52:12.002669,db4/od,454
2026-06-15T13:52:12.004320,db4/pump1/state,off
2026-06-15T13:52:12.005545,db4/pump2/state,off
2026-06-16T11:23:15.529129,db4/temperature,12.510559
2026-06-16T11:23:15.529689,db4/pump1/state,off
2026-06-16T11:23:15.529689,db4/pump2/state,off
2026-06-16T11:23:17.746771,db4/temperature,12.552216
2026-06-16T11:23:17.747772,db4/pump1/state,off
2026-06-16T11:23:17.747772,db4/pump2/state,off
2026-06-16T11:23:19.954914,db4/temperature,12.600433
2026-06-16T11:23:19.954914,db4/pump1/state,off
2026-06-16T11:23:19.958072,db4/pump2/state,off
2026-06-16T11:23:22.161230,db4/temperature,12.529205
2026-06-16T11:23:22.161230,db4/pump1/state,off
2026-06-16T11:23:22.161230,db4/pump2/state,off
2026-06-16T11:23:24.373195,db4/temperature,12.525909
2026-06-16T11:23:24.373195,db4/pump1/state,off
2026-06-16T11:23:24.373195,db4/pump2/state,off
2026-06-16T11:23:26.656903,db4/temperature,12.462341
2026-06-16T11:23:26.658902,db4/pump1/state,off
2026-06-16T11:23:26.658902,db4/pump2/state,off
2026-06-16T11:23:28.807671,db4/temperature,12.557678
2026-06-16T11:23:28.808672,db4/pump1/state,off
2026-06-16T11:23:28.808672,db4/pump2/state,off
2026-06-16T11:23:31.054532,db4/temperature,12.596039
2026-06-16T11:23:31.054532,db4/pump1/state,off
2026-06-16T11:23:31.062630,db4/pump2/state,off
2026-06-16T11:23:33.220646,db4/temperature,12.499603
2026-06-16T11:23:33.220646,db4/pump1/state,off
2026-06-16T11:23:33.220646,db4/pump2/state,off
2026-06-16T11:23:35.460267,db4/temperature,12.6026
2026-06-16T11:23:35.460267,db4/pump1/state,off
2026-06-16T11:23:35.460267,db4/pump2/state,off
2026-06-16T11:23:37.661116,db4/temperature,12.612457
2026-06-16T11:23:37.662128,db4/pump1/state,off
2026-06-16T11:23:37.662128,db4/pump2/state,off
2026-06-16T11:23:39.880470,db4/temperature,12.609192
2026-06-16T11:23:39.881476,db4/pump1/state,off
2026-06-16T11:23:39.881476,db4/pump2/state,off
2026-06-16T11:23:42.222061,db4/temperature,12.569733
2026-06-16T11:23:42.222061,db4/pump1/state,off
2026-06-16T11:23:42.222061,db4/pump2/state,off
2026-06-16T11:23:44.373191,db4/temperature,12.550018
2026-06-16T11:23:44.373191,db4/pump1/state,off
2026-06-16T11:23:44.373191,db4/pump2/state,off
2026-06-16T11:23:46.514707,db4/temperature,12.532501
2026-06-16T11:23:46.515714,db4/pump1/state,off
2026-06-16T11:23:46.516713,db4/pump2/state,off
2026-06-16T11:23:48.775607,db4/temperature,12.454651
2026-06-16T11:23:48.775607,db4/pump1/state,off
2026-06-16T11:23:48.776613,db4/pump2/state,off
2026-06-16T11:23:51.016128,db4/temperature,12.578491
2026-06-16T11:23:51.016128,db4/pump1/state,off
2026-06-16T11:23:51.016128,db4/pump2/state,off
2026-06-16T11:23:53.167438,db4/temperature,12.603699
2026-06-16T11:23:53.167438,db4/pump1/state,off
2026-06-16T11:23:53.167438,db4/pump2/state,off
2026-06-16T11:23:55.423549,db4/temperature,12.589478
2026-06-16T11:23:55.423549,db4/pump1/state,off
2026-06-16T11:23:55.423549,db4/pump2/state,off
2026-06-16T11:23:57.573496,db4/temperature,12.643127
2026-06-16T11:23:57.573496,db4/pump1/state,off
2026-06-16T11:23:57.573496,db4/pump2/state,off
2026-06-16T11:23:59.787383,db4/temperature,12.597137
2026-06-16T11:23:59.787383,db4/pump1/state,off
2026-06-16T11:23:59.787383,db4/pump2/state,off
2026-06-16T11:24:02.005683,db4/temperature,12.58728
2026-06-16T11:24:02.006658,db4/pump1/state,off
2026-06-16T11:24:02.007081,db4/pump2/state,off
2026-06-16T11:24:04.344997,db4/temperature,12.588379
2026-06-16T11:24:04.345981,db4/pump1/state,off
2026-06-16T11:24:04.345981,db4/pump2/state,off
2026-06-16T11:24:06.431082,db4/temperature,12.57959
2026-06-16T11:24:06.431082,db4/pump1/state,off
2026-06-16T11:24:06.432089,db4/pump2/state,off
2026-06-16T11:24:08.646546,db4/temperature,12.665039
2026-06-16T11:24:08.647547,db4/pump1/state,off
2026-06-16T11:24:08.647547,db4/pump2/state,off
2026-06-16T11:24:10.864788,db4/temperature,12.642029
2026-06-16T11:24:10.864788,db4/pump1/state,off
2026-06-16T11:24:10.865788,db4/pump2/state,off
2026-06-16T11:24:13.135076,db4/temperature,12.61026
2026-06-16T11:24:13.135076,db4/pump1/state,off
2026-06-16T11:24:13.135076,db4/pump2/state,off
2026-06-16T11:24:15.400388,db4/temperature,12.61026
2026-06-16T11:24:15.401385,db4/pump1/state,off
2026-06-16T11:24:15.401385,db4/pump2/state,off
2026-06-16T11:24:17.495604,db4/temperature,12.629974
2026-06-16T11:24:17.495604,db4/pump1/state,off
2026-06-16T11:24:17.495604,db4/pump2/state,off
2026-06-16T11:24:19.705604,db4/temperature,12.588379
2026-06-16T11:24:19.705604,db4/pump1/state,off
2026-06-16T11:24:19.725838,db4/pump2/state,off
2026-06-16T11:24:21.941002,db4/temperature,12.665039
2026-06-16T11:24:21.941002,db4/pump1/state,off
2026-06-16T11:24:21.956339,db4/pump2/state,off
2026-06-16T11:24:24.206757,db4/temperature,12.615753
2026-06-16T11:24:24.206757,db4/pump1/state,off
2026-06-16T11:24:24.206757,db4/pump2/state,off
2026-06-16T11:24:26.389981,db4/temperature,12.604797
2026-06-16T11:24:26.389981,db4/pump1/state,off
2026-06-16T11:24:26.389981,db4/pump2/state,off
2026-06-16T11:24:28.611305,db4/temperature,12.612457
2026-06-16T11:24:28.611305,db4/pump1/state,off
2026-06-16T11:24:28.612312,db4/pump2/state,off
2026-06-16T11:24:30.785468,db4/temperature,12.568665
2026-06-16T11:24:30.786475,db4/pump1/state,off
2026-06-16T11:24:30.787468,db4/pump2/state,off
2026-06-16T11:24:33.009525,db4/temperature,12.585083
2026-06-16T11:24:33.009525,db4/pump1/state,off
2026-06-16T11:24:33.009525,db4/pump2/state,off
2026-06-16T11:24:35.265283,db4/temperature,12.535767
2026-06-16T11:24:35.266289,db4/pump1/state,off
2026-06-16T11:24:35.266289,db4/pump2/state,off
2026-06-16T11:24:37.517968,db4/temperature,12.552216
2026-06-16T11:24:37.518971,db4/pump1/state,off
2026-06-16T11:24:37.518971,db4/pump2/state,off
2026-06-16T11:24:39.671587,db4/temperature,12.57193
2026-06-16T11:24:39.672590,db4/pump1/state,off
2026-06-16T11:24:39.672590,db4/pump2/state,off
2026-06-16T11:24:41.844952,db4/temperature,12.551117
2026-06-16T11:24:41.845950,db4/pump1/state,off
2026-06-16T11:24:41.845950,db4/pump2/state,off
2026-06-16T11:24:44.175855,db4/temperature,12.601501
2026-06-16T11:24:44.175855,db4/pump1/state,off
2026-06-16T11:24:44.176856,db4/pump2/state,off
2026-06-16T11:24:46.323316,db4/temperature,12.586182
2026-06-16T11:24:46.324775,db4/pump1/state,off
2026-06-16T11:24:46.325451,db4/pump2/state,off
2026-06-16T11:24:48.580067,db4/temperature,12.599304
2026-06-16T11:24:48.581081,db4/pump1/state,off
2026-06-16T11:24:48.581081,db4/pump2/state,off
2026-06-16T11:24:50.704355,db4/temperature,12.636566
2026-06-16T11:24:50.704355,db4/pump1/state,off
2026-06-16T11:24:50.705356,db4/pump2/state,off
2026-06-16T11:24:52.928201,db4/temperature,12.612457
2026-06-16T11:24:52.929207,db4/pump1/state,off
2026-06-16T11:24:52.929207,db4/pump2/state,off
2026-06-16T11:24:55.131930,db4/temperature,12.576324
2026-06-16T11:24:55.131930,db4/pump1/state,off
2026-06-16T11:24:55.132933,db4/pump2/state,off
2026-06-16T11:24:57.382037,db4/temperature,12.662842
2026-06-16T11:24:57.382037,db4/pump1/state,off
2026-06-16T11:24:57.383038,db4/pump2/state,off
2026-06-16T11:24:59.636367,db4/temperature,12.532501
2026-06-16T11:24:59.637371,db4/pump1/state,off
2026-06-16T11:24:59.637371,db4/pump2/state,off
2026-06-16T11:25:01.890654,db4/temperature,12.615753
2026-06-16T11:25:01.891665,db4/pump1/state,off
2026-06-16T11:25:01.892664,db4/pump2/state,off
2026-06-16T11:25:03.988259,db4/temperature,12.634369
2026-06-16T11:25:03.988259,db4/pump1/state,off
2026-06-16T11:25:03.989263,db4/pump2/state,off
2026-06-16T11:25:06.197765,db4/temperature,12.684753
2026-06-16T11:25:06.198767,db4/pump1/state,off
2026-06-16T11:25:06.198767,db4/pump2/state,off
2026-06-16T11:25:08.445328,db4/temperature,12.692383
2026-06-16T11:25:08.445328,db4/pump1/state,off
2026-06-16T11:25:08.446331,db4/pump2/state,off
2026-06-16T11:25:10.691328,db4/temperature,12.678162
2026-06-16T11:25:10.691328,db4/pump1/state,off
2026-06-16T11:25:10.691328,db4/pump2/state,off
2026-06-16T11:25:12.945508,db4/temperature,12.54892
2026-06-16T11:25:12.945508,db4/pump1/state,off
2026-06-16T11:25:12.945508,db4/pump2/state,off
2026-06-16T11:25:15.042236,db4/temperature,12.624512
2026-06-16T11:25:15.057934,db4/pump1/state,off
2026-06-16T11:25:15.057934,db4/pump2/state,off
2026-06-16T11:25:17.345912,db4/temperature,12.666107
2026-06-16T11:25:17.345912,db4/pump1/state,off
2026-06-16T11:25:17.353491,db4/pump2/state,off
2026-06-16T11:25:19.503816,db4/temperature,12.61795
2026-06-16T11:25:19.503816,db4/pump1/state,off
2026-06-16T11:25:19.503816,db4/pump2/state,off
2026-06-16T11:25:21.755431,db4/temperature,12.62561
2026-06-16T11:25:21.755431,db4/pump1/state,off
2026-06-16T11:25:21.763236,db4/pump2/state,off
2026-06-16T11:25:23.993667,db4/temperature,12.659546
2026-06-16T11:25:23.993667,db4/pump1/state,off
2026-06-16T11:25:23.993667,db4/pump2/state,off
2026-06-16T11:25:26.109098,db4/temperature,12.627808
2026-06-16T11:25:26.109098,db4/pump1/state,off
2026-06-16T11:25:26.109098,db4/pump2/state,off
2026-06-16T11:25:28.395405,db4/temperature,12.6026
2026-06-16T11:25:28.395405,db4/pump1/state,off
2026-06-16T11:25:28.411159,db4/pump2/state,off
2026-06-16T11:25:30.661892,db4/temperature,12.668304
2026-06-16T11:25:30.662903,db4/pump1/state,off
2026-06-16T11:25:30.662903,db4/pump2/state,off
2026-06-16T11:25:32.803556,db4/temperature,12.652985
2026-06-16T11:25:32.803556,db4/pump1/state,off
2026-06-16T11:25:32.803556,db4/pump2/state,off
2026-06-16T11:25:35.059509,db4/temperature,12.670502
2026-06-16T11:25:35.059509,db4/pump1/state,off
2026-06-16T11:25:35.068503,db4/pump2/state,off
2026-06-16T11:25:37.313756,db4/temperature,12.667236
2026-06-16T11:25:37.313756,db4/pump1/state,off
2026-06-16T11:25:37.313756,db4/pump2/state,off
2026-06-16T11:25:39.460530,db4/temperature,12.6814576
2026-06-16T11:25:39.460530,db4/pump1/state,off
2026-06-16T11:25:39.472703,db4/pump2/state,off
2026-06-16T11:25:41.614345,db4/temperature,12.649719
2026-06-16T11:25:41.624702,db4/pump1/state,off
2026-06-16T11:25:41.624702,db4/pump2/state,off
2026-06-16T11:25:43.866440,db4/temperature,12.64859
2026-06-16T11:25:43.866440,db4/pump1/state,off
2026-06-16T11:25:43.866440,db4/pump2/state,off
2026-06-16T11:25:46.122120,db4/temperature,12.697876
2026-06-16T11:25:46.122120,db4/pump1/state,off
2026-06-16T11:25:46.122120,db4/pump2/state,off
2026-06-16T11:25:48.266833,db4/temperature,12.673798
2026-06-16T11:25:48.266833,db4/pump1/state,off
2026-06-16T11:25:48.266833,db4/pump2/state,off
2026-06-16T11:25:50.457858,db4/temperature,12.614655
2026-06-16T11:25:50.457858,db4/pump1/state,off
2026-06-16T11:25:50.457858,db4/pump2/state,off
2026-06-16T11:25:52.681376,db4/temperature,12.806213
2026-06-16T11:25:52.682380,db4/pump1/state,off
2026-06-16T11:25:52.683846,db4/pump2/state,off
2026-06-16T11:25:54.884479,db4/temperature,12.520447
2026-06-16T11:25:54.884479,db4/pump1/state,off
2026-06-16T11:25:54.884479,db4/pump2/state,off
2026-06-16T11:25:57.185211,db4/temperature,12.240692
2026-06-16T11:25:57.185739,db4/pump1/state,off
2026-06-16T11:25:57.186251,db4/pump2/state,off
2026-06-16T11:25:59.324959,db4/temperature,12.084717
2026-06-16T11:25:59.328628,db4/pump1/state,off
2026-06-16T11:25:59.328628,db4/pump2/state,off
2026-06-16T11:26:01.517787,db4/temperature,11.973633
2026-06-16T11:26:01.517787,db4/pump1/state,off
2026-06-16T11:26:01.517787,db4/pump2/state,off
2026-06-16T11:26:03.930617,db4/temperature,12.04953
2026-06-16T11:26:03.930617,db4/pump1/state,off
2026-06-16T11:26:03.946731,db4/pump2/state,off
2026-06-16T11:26:05.947460,db4/temperature,12.005554
2026-06-16T11:26:05.947460,db4/pump1/state,off
2026-06-16T11:26:05.947460,db4/pump2/state,off
2026-06-16T11:26:08.232428,db4/temperature,11.991241
2026-06-16T11:26:08.232428,db4/pump1/state,off
2026-06-16T11:26:08.232428,db4/pump2/state,off
2026-06-16T11:26:10.378147,db4/temperature,12.005554
2026-06-16T11:26:10.378147,db4/pump1/state,off
2026-06-16T11:26:10.378147,db4/pump2/state,off
2026-06-16T11:26:12.597865,db4/temperature,11.9175416
2026-06-16T11:26:12.597865,db4/pump1/state,off
2026-06-16T11:26:12.597865,db4/pump2/state,off
2026-06-16T11:26:14.805579,db4/temperature,12.005554
2026-06-16T11:26:14.805579,db4/pump1/state,off
2026-06-16T11:26:14.805579,db4/pump2/state,off
2026-06-16T11:26:17.045354,db4/temperature,11.888916
2026-06-16T11:26:17.045354,db4/pump1/state,off
2026-06-16T11:26:17.045354,db4/pump2/state,off
2026-06-16T11:26:19.239481,db4/temperature,11.943939
2026-06-16T11:26:19.239481,db4/pump1/state,off
2026-06-16T11:26:19.239481,db4/pump2/state,off
2026-06-16T11:26:21.442886,db4/temperature,11.972534
2026-06-16T11:26:21.442886,db4/pump1/state,off
2026-06-16T11:26:21.442886,db4/pump2/state,off
2026-06-16T11:26:23.696390,db4/temperature,11.96814
2026-06-16T11:26:23.696390,db4/pump1/state,off
2026-06-16T11:26:23.696390,db4/pump2/state,off
2026-06-16T11:26:25.959774,db4/temperature,12.004456
2026-06-16T11:26:25.959774,db4/pump1/state,off
2026-06-16T11:26:25.959774,db4/pump2/state,off
2026-06-16T11:26:28.105533,db4/temperature,11.978058
2026-06-16T11:26:28.105533,db4/pump1/state,off
2026-06-16T11:26:28.108738,db4/pump2/state,off
2026-06-16T11:26:30.305036,db4/temperature,12.015442
2026-06-16T11:26:30.305036,db4/pump1/state,off
2026-06-16T11:26:30.305036,db4/pump2/state,off
2026-06-16T11:26:32.613161,db4/temperature,12.000061
2026-06-16T11:26:32.617618,db4/pump1/state,off
2026-06-16T11:26:32.617618,db4/pump2/state,off
2026-06-16T11:26:34.758708,db4/temperature,11.881195
2026-06-16T11:26:34.769766,db4/pump1/state,off
2026-06-16T11:26:34.770426,db4/pump2/state,off
2026-06-16T11:26:36.932985,db4/temperature,11.967041
2026-06-16T11:26:36.932985,db4/pump1/state,off
2026-06-16T11:26:36.932985,db4/pump2/state,off
2026-06-16T11:26:39.167369,db4/temperature,11.993439
2026-06-16T11:26:39.167369,db4/pump1/state,off
2026-06-16T11:26:39.167369,db4/pump2/state,off
2026-06-16T11:26:41.422568,db4/temperature,11.981354
2026-06-16T11:26:41.422568,db4/pump1/state,off
2026-06-16T11:26:41.422568,db4/pump2/state,off
2026-06-16T11:26:43.672686,db4/temperature,12.000061
2026-06-16T11:26:43.672686,db4/pump1/state,off
2026-06-16T11:26:43.672686,db4/pump2/state,off
2026-06-16T11:26:45.793238,db4/temperature,11.947235
2026-06-16T11:26:45.793238,db4/pump1/state,off
2026-06-16T11:26:45.793238,db4/pump2/state,off
2026-06-16T11:26:48.077108,db4/temperature,11.993439
2026-06-16T11:26:48.078119,db4/pump1/state,off
2026-06-16T11:26:48.079118,db4/pump2/state,off
2026-06-16T11:26:50.321285,db4/temperature,11.952759
2026-06-16T11:26:50.321285,db4/pump1/state,off
2026-06-16T11:26:50.321285,db4/pump2/state,off
2026-06-16T11:26:52.567518,db4/temperature,12.088013
2026-06-16T11:26:52.567518,db4/pump1/state,off
2026-06-16T11:26:52.583187,db4/pump2/state,off
2026-06-16T11:26:54.729341,db4/temperature,11.774384
2026-06-16T11:26:54.729341,db4/pump1/state,off
2026-06-16T11:26:54.729341,db4/pump2/state,off
2026-06-16T11:26:56.980697,db4/temperature,12.024231
2026-06-16T11:26:56.980697,db4/pump1/state,off
2026-06-16T11:26:56.980697,db4/pump2/state,off
2026-06-16T11:26:59.131973,db4/temperature,11.985748
2026-06-16T11:26:59.131973,db4/pump1/state,off
2026-06-16T11:26:59.131973,db4/pump2/state,off
2026-06-16T11:27:01.375866,db4/temperature,11.987946
2026-06-16T11:27:01.375866,db4/pump1/state,off
2026-06-16T11:27:01.375866,db4/pump2/state,off
2026-06-16T11:27:03.536126,db4/temperature,11.909821
2026-06-16T11:27:03.540283,db4/pump1/state,off
2026-06-16T11:27:03.540283,db4/pump2/state,off
2026-06-16T11:27:06.007860,db4/temperature,11.973633
2026-06-16T11:27:06.009927,db4/pump1/state,off
2026-06-16T11:27:06.010432,db4/pump2/state,off
2026-06-16T11:27:08.045949,db4/temperature,11.896606
2026-06-16T11:27:08.045949,db4/pump1/state,off
2026-06-16T11:27:08.046953,db4/pump2/state,off
2026-06-16T11:27:10.597497,db4/temperature,11.979126
2026-06-16T11:27:10.604586,db4/pump1/state,off
2026-06-16T11:27:10.604586,db4/pump2/state,off
2026-06-16T11:27:12.443950,db4/temperature,12.004456
2026-06-16T11:27:12.451673,db4/pump1/state,off
2026-06-16T11:27:12.451673,db4/pump2/state,off
2026-06-16T11:27:14.562804,db4/temperature,11.949432
2026-06-16T11:27:14.562804,db4/pump1/state,off
2026-06-16T11:27:14.562804,db4/pump2/state,off
2026-06-16T11:27:16.837576,db4/temperature,11.934021
2026-06-16T11:27:16.837576,db4/pump1/state,off
2026-06-16T11:27:16.837576,db4/pump2/state,off
2026-06-16T11:27:19.093270,db4/temperature,11.993439
2026-06-16T11:27:19.093270,db4/pump1/state,off
2026-06-16T11:27:19.093270,db4/pump2/state,off
2026-06-16T11:27:21.243675,db4/temperature,11.996735
2026-06-16T11:27:21.243675,db4/pump1/state,off
2026-06-16T11:27:21.243675,db4/pump2/state,off
2026-06-16T11:27:23.510006,db4/temperature,11.950531
2026-06-16T11:27:23.510006,db4/pump1/state,off
2026-06-16T11:27:23.510006,db4/pump2/state,off
2026-06-16T11:27:25.855898,db4/temperature,11.96814
2026-06-16T11:27:25.855898,db4/pump1/state,off
2026-06-16T11:27:25.855898,db4/pump2/state,off
2026-06-16T11:27:27.910518,db4/temperature,12.12207
2026-06-16T11:27:27.911572,db4/pump1/state,off
2026-06-16T11:27:27.911572,db4/pump2/state,off
2026-06-16T11:27:30.150221,db4/temperature,11.960449
2026-06-16T11:27:30.150221,db4/pump1/state,off
2026-06-16T11:27:30.150221,db4/pump2/state,off
2026-06-16T11:27:32.316022,db4/temperature,11.976929
2026-06-16T11:27:32.316022,db4/pump1/state,off
2026-06-16T11:27:32.316022,db4/pump2/state,off
2026-06-16T11:27:34.559731,db4/temperature,12.023132
2026-06-16T11:27:34.559731,db4/pump1/state,off
2026-06-16T11:27:34.559731,db4/pump2/state,off
2026-06-16T11:27:36.818125,db4/temperature,11.982452
2026-06-16T11:27:36.818125,db4/pump1/state,off
2026-06-16T11:27:36.818125,db4/pump2/state,off
2026-06-16T11:27:38.967460,db4/temperature,11.97583
2026-06-16T11:27:38.968480,db4/pump1/state,off
2026-06-16T11:27:38.969470,db4/pump2/state,off
2026-06-16T11:27:41.124442,db4/temperature,12.027527
2026-06-16T11:27:41.124442,db4/pump1/state,off
2026-06-16T11:27:41.124442,db4/pump2/state,off
2026-06-16T11:27:43.338604,db4/temperature,11.97583
2026-06-16T11:27:43.338604,db4/pump1/state,off
2026-06-16T11:27:43.338604,db4/pump2/state,off
2026-06-16T11:27:45.615944,db4/temperature,12.04184
2026-06-16T11:27:45.625861,db4/pump1/state,off
2026-06-16T11:27:45.625861,db4/pump2/state,off
2026-06-16T11:27:47.873192,db4/temperature,11.874573
2026-06-16T11:27:47.873192,db4/pump1/state,off
2026-06-16T11:27:47.873192,db4/pump2/state,off
2026-06-16T11:27:50.024455,db4/temperature,11.961548
2026-06-16T11:27:50.024455,db4/pump1/state,off
2026-06-16T11:27:50.024455,db4/pump2/state,off
2026-06-16T11:27:52.275337,db4/temperature,11.954956
2026-06-16T11:27:52.275337,db4/pump1/state,off
2026-06-16T11:27:52.275337,db4/pump2/state,off
2026-06-16T11:27:54.407872,db4/temperature,12.024231
2026-06-16T11:27:54.407872,db4/pump1/state,off
2026-06-16T11:27:54.407872,db4/pump2/state,off
2026-06-16T11:27:56.619938,db4/temperature,11.950531
2026-06-16T11:27:56.619938,db4/pump1/state,off
2026-06-16T11:27:56.619938,db4/pump2/state,off
2026-06-16T11:27:58.834059,db4/temperature,11.920837
2026-06-16T11:27:58.834059,db4/pump1/state,off
2026-06-16T11:27:58.834059,db4/pump2/state,off
2026-06-16T11:28:01.049026,db4/temperature,11.971436
2026-06-16T11:28:01.049026,db4/pump1/state,off
2026-06-16T11:28:01.049026,db4/pump2/state,off
2026-06-16T11:28:03.338278,db4/temperature,11.937347
2026-06-16T11:28:03.339288,db4/pump1/state,off
2026-06-16T11:28:03.340287,db4/pump2/state,off
2026-06-16T11:28:05.590448,db4/temperature,11.971436
2026-06-16T11:28:05.590448,db4/pump1/state,off
2026-06-16T11:28:05.590448,db4/pump2/state,off
2026-06-16T11:28:07.738267,db4/temperature,12.039642
2026-06-16T11:28:07.738267,db4/pump1/state,off
2026-06-16T11:28:07.738267,db4/pump2/state,off
2026-06-16T11:28:09.907343,db4/temperature,11.994537
2026-06-16T11:28:09.907343,db4/pump1/state,off
2026-06-16T11:28:09.907343,db4/pump2/state,off
2026-06-16T11:28:12.115960,db4/temperature,11.938446
2026-06-16T11:28:12.115960,db4/pump1/state,off
2026-06-16T11:28:12.115960,db4/pump2/state,off
2026-06-16T11:28:14.494393,db4/temperature,12.009949
2026-06-16T11:28:14.494393,db4/pump1/state,off
2026-06-16T11:28:14.494393,db4/pump2/state,off
2026-06-16T11:28:16.539814,db4/temperature,11.927429
2026-06-16T11:28:16.539814,db4/pump1/state,off
2026-06-16T11:28:16.539814,db4/pump2/state,off
2026-06-16T11:28:18.790831,db4/temperature,11.958221
2026-06-16T11:28:18.790831,db4/pump1/state,off
2026-06-16T11:28:18.804689,db4/pump2/state,off
2026-06-16T11:28:21.052545,db4/temperature,12.22644
2026-06-16T11:28:21.052545,db4/pump1/state,off
2026-06-16T11:28:21.058822,db4/pump2/state,off
2026-06-16T11:28:23.311873,db4/temperature,12.037445
2026-06-16T11:28:23.311873,db4/pump1/state,off
2026-06-16T11:28:23.311873,db4/pump2/state,off
2026-06-16T11:28:25.449712,db4/temperature,12.040741
2026-06-16T11:28:25.449712,db4/pump1/state,off
2026-06-16T11:28:25.449712,db4/pump2/state,off
2026-06-16T11:28:27.618029,db4/temperature,12.052826
2026-06-16T11:28:27.619033,db4/pump1/state,off
2026-06-16T11:28:27.620032,db4/pump2/state,off
2026-06-16T11:28:29.862238,db4/temperature,12.063812
2026-06-16T11:28:29.862238,db4/pump1/state,off
2026-06-16T11:28:29.863238,db4/pump2/state,off
2026-06-16T11:28:32.043821,db4/temperature,11.957123
2026-06-16T11:28:32.043821,db4/pump1/state,off
2026-06-16T11:28:32.043821,db4/pump2/state,off
2026-06-16T11:28:34.364577,db4/temperature,12.0946052
2026-06-16T11:28:34.364577,db4/pump1/state,off
2026-06-16T11:28:34.364577,db4/pump2/state,off
2026-06-16T11:28:36.518086,db4/temperature,12.027527
2026-06-16T11:28:36.518086,db4/pump1/state,off
2026-06-16T11:28:36.518086,db4/pump2/state,off
2026-06-16T11:28:38.679287,db4/temperature,11.961548
2026-06-16T11:28:38.680285,db4/pump1/state,off
2026-06-16T11:28:38.680285,db4/pump2/state,off
2026-06-16T11:28:40.921308,db4/temperature,12.055023
2026-06-16T11:28:40.922315,db4/pump1/state,off
2026-06-16T11:28:40.922315,db4/pump2/state,off
2026-06-16T11:28:43.109347,db4/temperature,12.072601
2026-06-16T11:28:43.111200,db4/pump1/state,off
2026-06-16T11:28:43.112317,db4/pump2/state,off
2026-06-16T11:28:45.447833,db4/temperature,12.068207
2026-06-16T11:28:45.448836,db4/pump1/state,off
2026-06-16T11:28:45.449837,db4/pump2/state,off
2026-06-16T11:28:47.534929,db4/temperature,12.064911
2026-06-16T11:28:47.534929,db4/pump1/state,off
2026-06-16T11:28:47.536261,db4/pump2/state,off
2026-06-16T11:28:49.752472,db4/temperature,11.886719
2026-06-16T11:28:49.752472,db4/pump1/state,off
2026-06-16T11:28:49.752472,db4/pump2/state,off
2026-06-16T11:28:51.968075,db4/temperature,12.0451352
2026-06-16T11:28:51.969077,db4/pump1/state,off
2026-06-16T11:28:51.969077,db4/pump2/state,off
2026-06-16T11:28:54.172779,db4/temperature,11.978058
2026-06-16T11:28:54.173310,db4/pump1/state,off
2026-06-16T11:28:54.174198,db4/pump2/state,off
2026-06-16T11:28:56.393866,db4/temperature,11.987946
2026-06-16T11:28:56.395084,db4/pump1/state,off
2026-06-16T11:28:56.395084,db4/pump2/state,off
2026-06-16T11:28:58.602143,db4/temperature,12.00116
2026-06-16T11:28:58.602143,db4/pump1/state,off
2026-06-16T11:28:58.603134,db4/pump2/state,off
2026-06-16T11:29:00.811077,db4/temperature,12.003357
2026-06-16T11:29:00.811077,db4/pump1/state,off
2026-06-16T11:29:00.811077,db4/pump2/state,off
2026-06-16T11:29:03.132890,db4/temperature,12.098999
2026-06-16T11:29:03.132890,db4/pump1/state,off
2026-06-16T11:29:03.132890,db4/pump2/state,off
2026-06-16T11:29:05.290281,db4/temperature,12.019836
2026-06-16T11:29:05.291291,db4/pump1/state,off
2026-06-16T11:29:05.292319,db4/pump2/state,off
2026-06-16T11:29:07.448399,db4/temperature,12.022034
2026-06-16T11:29:07.448399,db4/pump1/state,off
2026-06-16T11:29:07.448399,db4/pump2/state,off
2026-06-16T11:29:09.662180,db4/temperature,12.029724
2026-06-16T11:29:09.662180,db4/pump1/state,off
2026-06-16T11:29:09.662180,db4/pump2/state,off
2026-06-16T11:29:11.878647,db4/temperature,11.959351
2026-06-16T11:29:11.878647,db4/pump1/state,off
2026-06-16T11:29:11.878647,db4/pump2/state,off
2026-06-16T11:29:14.201365,db4/temperature,12.009949
2026-06-16T11:29:14.201365,db4/pump1/state,off
2026-06-16T11:29:14.202365,db4/pump2/state,off
2026-06-16T11:29:16.351464,db4/temperature,12.03302
2026-06-16T11:29:16.351464,db4/pump1/state,off
2026-06-16T11:29:16.352957,db4/pump2/state,off
2026-06-16T11:29:18.519723,db4/temperature,11.928528
2026-06-16T11:29:18.520723,db4/pump1/state,off
2026-06-16T11:29:18.520723,db4/pump2/state,off
2026-06-16T11:29:20.753145,db4/temperature,12.00116
2026-06-16T11:29:20.753145,db4/pump1/state,off
2026-06-16T11:29:20.754144,db4/pump2/state,off
2026-06-16T11:29:23.188580,db4/temperature,11.989044
2026-06-16T11:29:23.189579,db4/pump1/state,off
2026-06-16T11:29:23.189579,db4/pump2/state,off
2026-06-16T11:29:25.257614,db4/temperature,11.960449
2026-06-16T11:29:25.258612,db4/pump1/state,off
2026-06-16T11:29:25.258612,db4/pump2/state,off
2026-06-16T11:29:27.406128,db4/temperature,11.9175416
2026-06-16T11:29:27.407128,db4/pump1/state,off
2026-06-16T11:29:27.407128,db4/pump2/state,off
2026-06-16T11:29:29.587470,db4/temperature,11.970337
2026-06-16T11:29:29.588477,db4/pump1/state,off
2026-06-16T11:29:29.588477,db4/pump2/state,off
2026-06-16T11:29:31.915811,db4/temperature,12.119873
2026-06-16T11:29:31.916812,db4/pump1/state,off
2026-06-16T11:29:31.917933,db4/pump2/state,off
2026-06-16T11:29:34.063086,db4/temperature,12.016541
2026-06-16T11:29:34.064082,db4/pump1/state,off
2026-06-16T11:29:34.065226,db4/pump2/state,off
2026-06-16T11:29:36.419503,db4/temperature,12.00882
2026-06-16T11:29:36.420510,db4/pump1/state,off
2026-06-16T11:29:36.420510,db4/pump2/state,off
2026-06-16T11:29:38.467234,db4/temperature,11.936249
2026-06-16T11:29:38.468260,db4/pump1/state,off
2026-06-16T11:29:38.468260,db4/pump2/state,off
2026-06-16T11:29:40.722456,db4/temperature,12.040741
2026-06-16T11:29:40.723457,db4/pump1/state,off
2026-06-16T11:29:40.723457,db4/pump2/state,off
2026-06-16T11:29:42.873367,db4/temperature,12.004456
2026-06-16T11:29:42.874368,db4/pump1/state,off
2026-06-16T11:29:42.874368,db4/pump2/state,off
2026-06-16T11:29:45.130076,db4/temperature,12.0451352
2026-06-16T11:29:45.131077,db4/pump1/state,off
2026-06-16T11:29:45.131077,db4/pump2/state,off
2026-06-16T11:29:47.301456,db4/temperature,12.075897
2026-06-16T11:29:47.302464,db4/pump1/state,off
2026-06-16T11:29:47.302464,db4/pump2/state,off
2026-06-16T11:29:49.629691,db4/temperature,12.030823
2026-06-16T11:29:49.629691,db4/pump1/state,off
2026-06-16T11:29:49.631654,db4/pump2/state,off
2026-06-16T11:29:51.781443,db4/temperature,12.00116
2026-06-16T11:29:51.782444,db4/pump1/state,off
2026-06-16T11:29:51.783570,db4/pump2/state,off
2026-06-16T11:29:53.935376,db4/temperature,11.954956
2026-06-16T11:29:53.935376,db4/pump1/state,off
2026-06-16T11:29:53.936383,db4/pump2/state,off
2026-06-16T11:29:56.186196,db4/temperature,12.050629
2026-06-16T11:29:56.186196,db4/pump1/state,off
2026-06-16T11:29:56.187482,db4/pump2/state,off
2026-06-16T11:29:58.437593,db4/temperature,12.052826
2026-06-16T11:29:58.438600,db4/pump1/state,off
2026-06-16T11:29:58.438600,db4/pump2/state,off
2026-06-16T11:30:00.687607,db4/temperature,12.067108
2026-06-16T11:30:00.687607,db4/pump1/state,off
2026-06-16T11:30:00.688608,db4/pump2/state,off
2026-06-16T11:30:02.838704,db4/temperature,12.052826
2026-06-16T11:30:02.839706,db4/pump1/state,off
2026-06-16T11:30:02.840705,db4/pump2/state,off
2026-06-16T11:30:05.094581,db4/temperature,12.014343
2026-06-16T11:30:05.095591,db4/pump1/state,off
2026-06-16T11:30:05.096594,db4/pump2/state,off
2026-06-16T11:30:07.241926,db4/temperature,11.976929
2026-06-16T11:30:07.242927,db4/pump1/state,off
2026-06-16T11:30:07.242927,db4/pump2/state,off
2026-06-16T11:30:09.499611,db4/temperature,12.04953
2026-06-16T11:30:09.500621,db4/pump1/state,off
2026-06-16T11:30:09.501631,db4/pump2/state,off
2026-06-16T11:30:11.658252,db4/temperature,12.071503
2026-06-16T11:30:11.659253,db4/pump1/state,off
2026-06-16T11:30:11.660254,db4/pump2/state,off
2026-06-16T11:30:13.888269,db4/temperature,12.03302
2026-06-16T11:30:13.888269,db4/pump1/state,off
2026-06-16T11:30:13.888269,db4/pump2/state,off
2026-06-16T11:30:16.070098,db4/temperature,12.069305
2026-06-16T11:30:16.071114,db4/pump1/state,off
2026-06-16T11:30:16.071114,db4/pump2/state,off
2026-06-16T11:30:18.281338,db4/temperature,12.030823
2026-06-16T11:30:18.282352,db4/pump1/state,off
2026-06-16T11:30:18.283346,db4/pump2/state,off
2026-06-16T11:30:20.558216,db4/temperature,11.9626468
2026-06-16T11:30:20.558216,db4/pump1/state,off
2026-06-16T11:30:20.559218,db4/pump2/state,off
2026-06-16T11:30:23.020453,db4/temperature,11.950531
2026-06-16T11:30:23.020453,db4/pump1/state,off
2026-06-16T11:30:23.021454,db4/pump2/state,off
2026-06-16T11:30:25.061544,db4/temperature,12.085815
2026-06-16T11:30:25.062546,db4/pump1/state,off
2026-06-16T11:30:25.063258,db4/pump2/state,off
2026-06-16T11:30:27.139063,db4/temperature,12.0660092
2026-06-16T11:30:27.140317,db4/pump1/state,off
2026-06-16T11:30:27.140317,db4/pump2/state,off
2026-06-16T11:30:29.464256,db4/temperature,12.060516
2026-06-16T11:30:29.465257,db4/pump1/state,off
2026-06-16T11:30:29.466257,db4/pump2/state,off
2026-06-16T11:30:31.564709,db4/temperature,12.03302
2026-06-16T11:30:31.566006,db4/pump1/state,off
2026-06-16T11:30:31.566006,db4/pump2/state,off
2026-06-16T11:30:33.782741,db4/temperature,12.107788
2026-06-16T11:30:33.783739,db4/pump1/state,off
2026-06-16T11:30:33.784744,db4/pump2/state,off
2026-06-16T11:30:36.020305,db4/temperature,12.113281
2026-06-16T11:30:36.021311,db4/pump1/state,off
2026-06-16T11:30:36.022311,db4/pump2/state,off
2026-06-16T11:30:38.280973,db4/temperature,12.013245
2026-06-16T11:30:38.282022,db4/pump1/state,off
2026-06-16T11:30:38.282022,db4/pump2/state,off
2026-06-16T11:30:40.422802,db4/temperature,12.0946052
2026-06-16T11:30:40.423810,db4/pump1/state,off
2026-06-16T11:30:40.425013,db4/pump2/state,off
2026-06-16T11:30:42.627266,db4/temperature,12.067108
2026-06-16T11:30:42.628275,db4/pump1/state,off
2026-06-16T11:30:42.629276,db4/pump2/state,off
2026-06-16T11:30:44.853824,db4/temperature,12.063812
2026-06-16T11:30:44.854357,db4/pump1/state,off
2026-06-16T11:30:44.854876,db4/pump2/state,off
2026-06-16T11:30:47.285027,db4/temperature,12.16272
2026-06-16T11:30:47.285027,db4/pump1/state,off
2026-06-16T11:30:47.286029,db4/pump2/state,off
2026-06-16T11:30:49.288990,db4/temperature,12.059418
2026-06-16T11:30:49.289998,db4/pump1/state,off
2026-06-16T11:30:49.289998,db4/pump2/state,off
2026-06-16T11:30:51.484343,db4/temperature,12.100098
2026-06-16T11:30:51.485345,db4/pump1/state,off
2026-06-16T11:30:51.485345,db4/pump2/state,off
2026-06-16T11:30:53.734904,db4/temperature,11.974731
2026-06-16T11:30:53.735909,db4/pump1/state,off
2026-06-16T11:30:53.735909,db4/pump2/state,off
2026-06-16T11:30:55.911945,db4/temperature,12.085815
2026-06-16T11:30:55.913951,db4/pump1/state,off
2026-06-16T11:30:55.913951,db4/pump2/state,off
2026-06-16T11:30:58.128362,db4/temperature,12.181427
2026-06-16T11:30:58.129366,db4/pump1/state,off
2026-06-16T11:30:58.130931,db4/pump2/state,off
2026-06-16T11:31:00.387323,db4/temperature,12.085815
2026-06-16T11:31:00.388325,db4/pump1/state,off
2026-06-16T11:31:00.388325,db4/pump2/state,off
2026-06-16T11:31:02.646077,db4/temperature,12.029724
2026-06-16T11:31:02.646077,db4/pump1/state,off
2026-06-16T11:31:02.647266,db4/pump2/state,off
2026-06-16T11:31:04.763784,db4/temperature,12.034119
2026-06-16T11:31:04.764792,db4/pump1/state,off
2026-06-16T11:31:04.764792,db4/pump2/state,off
2026-06-16T11:31:07.042177,db4/temperature,12.062714
2026-06-16T11:31:07.043178,db4/pump1/state,off
2026-06-16T11:31:07.043178,db4/pump2/state,off
2026-06-16T11:31:09.295027,db4/temperature,12.04953
2026-06-16T11:31:09.296032,db4/pump1/state,off
2026-06-16T11:31:09.297035,db4/pump2/state,off
2026-06-16T11:31:11.405522,db4/temperature,12.062714
2026-06-16T11:31:11.406522,db4/pump1/state,off
2026-06-16T11:31:11.408006,db4/pump2/state,off
2026-06-16T11:31:13.697658,db4/temperature,12.098999
2026-06-16T11:31:13.698664,db4/pump1/state,off
2026-06-16T11:31:13.698664,db4/pump2/state,off
2026-06-16T11:31:15.951412,db4/temperature,12.040741
2026-06-16T11:31:15.952415,db4/pump1/state,off
2026-06-16T11:31:15.953415,db4/pump2/state,off
2026-06-16T11:31:18.103120,db4/temperature,11.998962
2026-06-16T11:31:18.104121,db4/pump1/state,off
2026-06-16T11:31:18.104121,db4/pump2/state,off
2026-06-16T11:31:20.354205,db4/temperature,12.140747
2026-06-16T11:31:20.355281,db4/pump1/state,off
2026-06-16T11:31:20.355281,db4/pump2/state,off
2026-06-16T11:31:22.507425,db4/temperature,12.019836
2026-06-16T11:31:22.508433,db4/pump1/state,off
2026-06-16T11:31:22.509435,db4/pump2/state,off
2026-06-16T11:31:24.686848,db4/temperature,12.055023
2026-06-16T11:31:24.687850,db4/pump1/state,off
2026-06-16T11:31:24.688850,db4/pump2/state,off
2026-06-16T11:31:27.016077,db4/temperature,12.003357
2026-06-16T11:31:27.016599,db4/pump1/state,off
2026-06-16T11:31:27.017123,db4/pump2/state,off
2026-06-16T11:31:29.165630,db4/temperature,12.00116
2026-06-16T11:31:29.166629,db4/pump1/state,off
2026-06-16T11:31:29.166629,db4/pump2/state,off
2026-06-16T11:31:31.414183,db4/temperature,11.981354
2026-06-16T11:31:31.414183,db4/pump1/state,off
2026-06-16T11:31:31.415186,db4/pump2/state,off
2026-06-16T11:31:33.568091,db4/temperature,12.079224
2026-06-16T11:31:33.569094,db4/pump1/state,off
2026-06-16T11:31:33.570463,db4/pump2/state,off
2026-06-16T11:31:35.756401,db4/temperature,12.0737
2026-06-16T11:31:35.757400,db4/pump1/state,off
2026-06-16T11:31:35.757400,db4/pump2/state,off
2026-06-16T11:31:37.972841,db4/temperature,12.0780944
2026-06-16T11:31:37.973845,db4/pump1/state,off
2026-06-16T11:31:37.974850,db4/pump2/state,off
2026-06-16T11:31:40.220748,db4/temperature,12.047333
2026-06-16T11:31:40.221290,db4/pump1/state,off
2026-06-16T11:31:40.221290,db4/pump2/state,off
2026-06-16T11:31:42.482399,db4/temperature,12.0737
2026-06-16T11:31:42.482399,db4/pump1/state,off
2026-06-16T11:31:42.482399,db4/pump2/state,off
2026-06-16T11:31:44.597738,db4/temperature,12.04953
2026-06-16T11:31:44.608122,db4/pump1/state,off
2026-06-16T11:31:44.608122,db4/pump2/state,off
2026-06-16T11:31:46.822429,db4/temperature,12.093506
2026-06-16T11:31:46.823431,db4/pump1/state,off
2026-06-16T11:31:46.823431,db4/pump2/state,off
2026-06-16T11:31:49.023869,db4/temperature,12.007721
2026-06-16T11:31:49.023869,db4/pump1/state,off
2026-06-16T11:31:49.023869,db4/pump2/state,off
2026-06-16T11:31:51.279978,db4/temperature,12.064911
2026-06-16T11:31:51.279978,db4/pump1/state,off
2026-06-16T11:31:51.279978,db4/pump2/state,off
2026-06-16T11:31:53.531686,db4/temperature,12.111084
2026-06-16T11:31:53.532745,db4/pump1/state,off
2026-06-16T11:31:53.532745,db4/pump2/state,off
2026-06-16T11:31:54.023460,db4/pump1/set,on
2026-06-16T11:31:55.462725,db4/pump1/state,on
2026-06-16T11:31:55.776203,db4/temperature,12.055023
2026-06-16T11:31:55.792052,db4/pump1/state,on
2026-06-16T11:31:55.792052,db4/pump2/state,off
2026-06-16T11:31:57.908985,db4/temperature,12.080322
2026-06-16T11:31:57.909996,db4/pump1/state,on
2026-06-16T11:31:57.909996,db4/pump2/state,off
2026-06-16T11:31:58.156146,db4/pump1/set,off
2026-06-16T11:31:59.898671,db4/pump1/state,off
2026-06-16T11:32:00.113520,db4/temperature,11.96814
2026-06-16T11:32:00.113520,db4/pump1/state,off
2026-06-16T11:32:00.126099,db4/pump2/state,off
2026-06-16T11:32:02.447817,db4/temperature,12.04184
2026-06-16T11:32:02.448871,db4/pump1/state,off
2026-06-16T11:32:02.449381,db4/pump2/state,off
2026-06-16T11:32:04.592477,db4/temperature,11.98465
2026-06-16T11:32:04.592477,db4/pump1/state,off
2026-06-16T11:32:04.593802,db4/pump2/state,off
2026-06-16T11:32:06.748380,db4/temperature,12.120972
2026-06-16T11:32:06.748380,db4/pump1/state,off
2026-06-16T11:32:06.748380,db4/pump2/state,off
2026-06-16T11:32:08.965960,db4/temperature,11.983551
2026-06-16T11:32:08.965960,db4/pump1/state,off
2026-06-16T11:32:08.965960,db4/pump2/state,off
2026-06-16T11:32:11.238425,db4/temperature,12.016541
2026-06-16T11:32:11.238425,db4/pump1/state,off
2026-06-16T11:32:11.238425,db4/pump2/state,off
2026-06-16T11:32:13.496554,db4/temperature,12.123169
2026-06-16T11:32:13.496554,db4/pump1/state,off
2026-06-16T11:32:13.496554,db4/pump2/state,off
2026-06-16T11:32:15.646402,db4/temperature,12.04953
2026-06-16T11:32:15.646402,db4/pump1/state,off
2026-06-16T11:32:15.646402,db4/pump2/state,off
2026-06-16T11:32:17.897707,db4/temperature,11.980255
2026-06-16T11:32:17.897707,db4/pump1/state,off
2026-06-16T11:32:17.897707,db4/pump2/state,off
2026-06-16T11:32:20.030312,db4/temperature,11.985748
2026-06-16T11:32:20.030312,db4/pump1/state,off
2026-06-16T11:32:20.030312,db4/pump2/state,off
2026-06-16T11:32:22.247473,db4/temperature,12.026428
2026-06-16T11:32:22.247473,db4/pump1/state,off
2026-06-16T11:32:22.247473,db4/pump2/state,off
2026-06-16T11:32:24.460673,db4/temperature,12.107788
2026-06-16T11:32:24.460673,db4/pump1/state,off
2026-06-16T11:32:24.460673,db4/pump2/state,off
2026-06-16T11:32:26.699704,db4/temperature,12.04953
2026-06-16T11:32:26.715643,db4/pump1/state,off
2026-06-16T11:32:26.715643,db4/pump2/state,off
2026-06-16T11:32:28.960820,db4/temperature,12.0737
2026-06-16T11:32:28.960820,db4/pump1/state,off
2026-06-16T11:32:28.960820,db4/pump2/state,off
2026-06-16T11:32:31.112817,db4/temperature,12.11438
2026-06-16T11:32:31.113830,db4/pump1/state,off
2026-06-16T11:32:31.114828,db4/pump2/state,off
2026-06-16T11:32:33.312448,db4/temperature,12.075897
2026-06-16T11:32:33.312448,db4/pump1/state,off
2026-06-16T11:32:33.312448,db4/pump2/state,off
2026-06-16T11:32:35.534487,db4/temperature,12.177032
2026-06-16T11:32:35.534487,db4/pump1/state,off
2026-06-16T11:32:35.534487,db4/pump2/state,off
2026-06-16T11:32:37.737136,db4/temperature,12.083618
2026-06-16T11:32:37.737136,db4/pump1/state,off
2026-06-16T11:32:37.737136,db4/pump2/state,off
2026-06-16T11:32:40.024680,db4/temperature,12.053925
2026-06-16T11:32:40.025690,db4/pump1/state,off
2026-06-16T11:32:40.025690,db4/pump2/state,off
2026-06-16T11:32:42.174240,db4/temperature,12.117676
2026-06-16T11:32:42.174240,db4/pump1/state,off
2026-06-16T11:32:42.175246,db4/pump2/state,off
2026-06-16T11:32:44.394465,db4/temperature,12.140747
2026-06-16T11:32:44.394465,db4/pump1/state,off
2026-06-16T11:32:44.395855,db4/pump2/state,off
2026-06-16T11:32:46.666391,db4/temperature,12.063812
2026-06-16T11:32:46.666391,db4/pump1/state,off
2026-06-16T11:32:46.666391,db4/pump2/state,off
2026-06-16T11:32:48.916025,db4/temperature,12.116577
2026-06-16T11:32:48.931754,db4/pump1/state,off
2026-06-16T11:32:48.932446,db4/pump2/state,off
2026-06-16T11:32:51.083132,db4/temperature,12.0286252
2026-06-16T11:32:51.085138,db4/pump1/state,off
2026-06-16T11:32:51.085138,db4/pump2/state,off
2026-06-16T11:32:53.244207,db4/temperature,12.056122
2026-06-16T11:32:53.244207,db4/pump1/state,off
2026-06-16T11:32:53.245214,db4/pump2/state,off
2026-06-16T11:32:55.488478,db4/temperature,12.093506
2026-06-16T11:32:55.488478,db4/pump1/state,off
2026-06-16T11:32:55.488478,db4/pump2/state,off
2026-06-16T11:32:57.733114,db4/temperature,12.298889
2026-06-16T11:32:57.733114,db4/pump1/state,off
2026-06-16T11:32:57.733114,db4/pump2/state,off
2026-06-16T11:32:59.991940,db4/temperature,12.364746
2026-06-16T11:32:59.993096,db4/pump1/state,off
2026-06-16T11:32:59.993628,db4/pump2/state,off
2026-06-16T11:33:02.139598,db4/temperature,12.442596
2026-06-16T11:33:02.140136,db4/pump1/state,off
2026-06-16T11:33:02.140662,db4/pump2/state,off
2026-06-16T11:33:04.311373,db4/temperature,12.489746
2026-06-16T11:33:04.312404,db4/pump1/state,off
2026-06-16T11:33:04.313486,db4/pump2/state,off
2026-06-16T11:33:06.514295,db4/temperature,12.25827
2026-06-16T11:33:06.514295,db4/pump1/state,off
2026-06-16T11:33:06.521799,db4/pump2/state,off
2026-06-16T11:33:08.899056,db4/temperature,12.268158
2026-06-16T11:33:08.899056,db4/pump1/state,off
2026-06-16T11:33:08.899056,db4/pump2/state,off
2026-06-16T11:33:10.935249,db4/temperature,12.229736
2026-06-16T11:33:10.935249,db4/pump1/state,off
2026-06-16T11:33:10.935249,db4/pump2/state,off
2026-06-16T11:33:13.196890,db4/temperature,12.187988
2026-06-16T11:33:13.196890,db4/pump1/state,off
2026-06-16T11:33:13.196890,db4/pump2/state,off
2026-06-16T11:33:15.448722,db4/temperature,12.180298
2026-06-16T11:33:15.448722,db4/pump1/state,off
2026-06-16T11:33:15.448722,db4/pump2/state,off
2026-06-16T11:33:17.580397,db4/temperature,12.191284
2026-06-16T11:33:17.580397,db4/pump1/state,off
2026-06-16T11:33:17.580397,db4/pump2/state,off
2026-06-16T11:33:19.800731,db4/temperature,12.270355
2026-06-16T11:33:19.801727,db4/pump1/state,off
2026-06-16T11:33:19.801727,db4/pump2/state,off
2026-06-16T11:33:22.101021,db4/temperature,12.21106
2026-06-16T11:33:22.101021,db4/pump1/state,off
2026-06-16T11:33:22.101021,db4/pump2/state,off
2026-06-16T11:33:24.222159,db4/temperature,12.21106
2026-06-16T11:33:24.222159,db4/pump1/state,off
2026-06-16T11:33:24.222159,db4/pump2/state,off
2026-06-16T11:33:26.506581,db4/temperature,12.223145
2026-06-16T11:33:26.506581,db4/pump1/state,off
2026-06-16T11:33:26.506581,db4/pump2/state,off
2026-06-16T11:33:28.656959,db4/temperature,12.216553
2026-06-16T11:33:28.656959,db4/pump1/state,off
2026-06-16T11:33:28.656959,db4/pump2/state,off
2026-06-16T11:33:30.913796,db4/temperature,12.240692
2026-06-16T11:33:30.913796,db4/pump1/state,off
2026-06-16T11:33:30.913796,db4/pump2/state,off
2026-06-16T11:33:33.075479,db4/temperature,12.234131
2026-06-16T11:33:33.075479,db4/pump1/state,off
2026-06-16T11:33:33.075479,db4/pump2/state,off
2026-06-16T11:33:35.288973,db4/temperature,12.364746
2026-06-16T11:33:35.288973,db4/pump1/state,off
2026-06-16T11:33:35.288973,db4/pump2/state,off
2026-06-16T11:33:37.495426,db4/temperature,12.286804
2026-06-16T11:33:37.495426,db4/pump1/state,off
2026-06-16T11:33:37.495426,db4/pump2/state,off
2026-06-16T11:33:39.822450,db4/temperature,12.271454
2026-06-16T11:33:39.823455,db4/pump1/state,off
2026-06-16T11:33:39.824459,db4/pump2/state,off
2026-06-16T11:33:41.924417,db4/temperature,12.337311
2026-06-16T11:33:41.924417,db4/pump1/state,off
2026-06-16T11:33:41.924417,db4/pump2/state,off
2026-06-16T11:33:44.218031,db4/temperature,12.318634
2026-06-16T11:33:44.218031,db4/pump1/state,off
2026-06-16T11:33:44.218031,db4/pump2/state,off
2026-06-16T11:33:46.500569,db4/temperature,12.32196
2026-06-16T11:33:46.500569,db4/pump1/state,off
2026-06-16T11:33:46.504884,db4/pump2/state,off
2026-06-16T11:33:48.616803,db4/temperature,12.338409
2026-06-16T11:33:48.616803,db4/pump1/state,off
2026-06-16T11:33:48.632191,db4/pump2/state,off
2026-06-16T11:33:50.784613,db4/temperature,12.363647
2026-06-16T11:33:50.784613,db4/pump1/state,off
2026-06-16T11:33:50.784613,db4/pump2/state,off
2026-06-16T11:33:53.133916,db4/temperature,12.222046
2026-06-16T11:33:53.133916,db4/pump1/state,off
2026-06-16T11:33:53.133916,db4/pump2/state,off
2026-06-16T11:33:55.201209,db4/temperature,12.319733
2026-06-16T11:33:55.201209,db4/pump1/state,off
2026-06-16T11:33:55.201209,db4/pump2/state,off
2026-06-16T11:33:57.540262,db4/temperature,12.312073
2026-06-16T11:33:57.541278,db4/pump1/state,off
2026-06-16T11:33:57.542270,db4/pump2/state,off
2026-06-16T11:33:59.639255,db4/temperature,12.270355
2026-06-16T11:33:59.639255,db4/pump1/state,off
2026-06-16T11:33:59.640262,db4/pump2/state,off
2026-06-16T11:34:01.943413,db4/temperature,12.287933
2026-06-16T11:34:01.944422,db4/pump1/state,off
2026-06-16T11:34:01.944422,db4/pump2/state,off
2026-06-16T11:34:04.093190,db4/temperature,12.240692
2026-06-16T11:34:04.094194,db4/pump1/state,off
2026-06-16T11:34:04.095191,db4/pump2/state,off
2026-06-16T11:34:06.291334,db4/temperature,12.285736
2026-06-16T11:34:06.292335,db4/pump1/state,off
2026-06-16T11:34:06.292335,db4/pump2/state,off
2026-06-16T11:34:08.500142,db4/temperature,12.256073
2026-06-16T11:34:08.501268,db4/pump1/state,off
2026-06-16T11:34:08.501268,db4/pump2/state,off
2026-06-16T11:34:10.714790,db4/temperature,12.325226
2026-06-16T11:34:10.715800,db4/pump1/state,off
2026-06-16T11:34:10.715800,db4/pump2/state,off
2026-06-16T11:34:12.999470,db4/temperature,12.27475
2026-06-16T11:34:12.999470,db4/pump1/state,off
2026-06-16T11:34:13.000701,db4/pump2/state,off
2026-06-16T11:34:15.152976,db4/temperature,12.346069
2026-06-16T11:34:15.153974,db4/pump1/state,off
2026-06-16T11:34:15.154973,db4/pump2/state,off
2026-06-16T11:34:17.407721,db4/temperature,12.342804
2026-06-16T11:34:17.408730,db4/pump1/state,off
2026-06-16T11:34:17.408730,db4/pump2/state,off
2026-06-16T11:34:19.561036,db4/temperature,12.243988
2026-06-16T11:34:19.562054,db4/pump1/state,off
2026-06-16T11:34:19.563051,db4/pump2/state,off
2026-06-16T11:34:21.805897,db4/temperature,12.335114
2026-06-16T11:34:21.806894,db4/pump1/state,off
2026-06-16T11:34:21.807892,db4/pump2/state,off
2026-06-16T11:34:24.065709,db4/temperature,12.332916
2026-06-16T11:34:24.066225,db4/pump1/state,off
2026-06-16T11:34:24.066748,db4/pump2/state,off
2026-06-16T11:34:26.319171,db4/temperature,12.310974
2026-06-16T11:34:26.320240,db4/pump1/state,off
2026-06-16T11:34:26.320240,db4/pump2/state,off
2026-06-16T11:34:28.412518,db4/temperature,12.243988
2026-06-16T11:34:28.414524,db4/pump1/state,off
2026-06-16T11:34:28.414524,db4/pump2/state,off
2026-06-16T11:34:30.626780,db4/temperature,12.249512
2026-06-16T11:34:30.626780,db4/pump1/state,off
2026-06-16T11:34:30.627779,db4/pump2/state,off
2026-06-16T11:34:32.841563,db4/temperature,12.291199
2026-06-16T11:34:32.842569,db4/pump1/state,off
2026-06-16T11:34:32.842569,db4/pump2/state,off
2026-06-16T11:34:35.119530,db4/temperature,12.251678
2026-06-16T11:34:35.121306,db4/pump1/state,off
2026-06-16T11:34:35.121306,db4/pump2/state,off
2026-06-16T11:34:37.368333,db4/temperature,12.25827
2026-06-16T11:34:37.368333,db4/pump1/state,off
2026-06-16T11:34:37.368333,db4/pump2/state,off
2026-06-16T11:34:39.520106,db4/temperature,12.241791
2026-06-16T11:34:39.520106,db4/pump1/state,off
2026-06-16T11:34:39.520106,db4/pump2/state,off
2026-06-16T11:34:41.693598,db4/temperature,12.36911
2026-06-16T11:34:41.693598,db4/pump1/state,off
2026-06-16T11:34:41.693598,db4/pump2/state,off
2026-06-16T11:34:43.910679,db4/temperature,12.281342
2026-06-16T11:34:43.912135,db4/pump1/state,off
2026-06-16T11:34:43.912135,db4/pump2/state,off
2026-06-16T11:34:46.121824,db4/temperature,12.237427
2026-06-16T11:34:46.121824,db4/pump1/state,off
2026-06-16T11:34:46.121824,db4/pump2/state,off
2026-06-16T11:34:48.418316,db4/temperature,12.271454
2026-06-16T11:34:48.418316,db4/pump1/state,off
2026-06-16T11:34:48.418316,db4/pump2/state,off
2026-06-16T11:34:50.585327,db4/temperature,12.327423
2026-06-16T11:34:50.585327,db4/pump1/state,off
2026-06-16T11:34:50.585327,db4/pump2/state,off
2026-06-16T11:34:52.751973,db4/temperature,12.215454
2026-06-16T11:34:52.751973,db4/pump1/state,off
2026-06-16T11:34:52.751973,db4/pump2/state,off
2026-06-16T11:34:54.968901,db4/temperature,12.32196
2026-06-16T11:34:54.968901,db4/pump1/state,off
2026-06-16T11:34:54.968901,db4/pump2/state,off
2026-06-16T11:34:57.241016,db4/temperature,12.445892
2026-06-16T11:34:57.242025,db4/pump1/state,off
2026-06-16T11:34:57.242025,db4/pump2/state,off
2026-06-16T11:34:59.486176,db4/temperature,12.355957
2026-06-16T11:34:59.486176,db4/pump1/state,off
2026-06-16T11:34:59.486176,db4/pump2/state,off
2026-06-16T11:35:01.635253,db4/temperature,12.32196
2026-06-16T11:35:01.635253,db4/pump1/state,off
2026-06-16T11:35:01.635253,db4/pump2/state,off
2026-06-16T11:35:03.818733,db4/temperature,12.315369
2026-06-16T11:35:03.818733,db4/pump1/state,off
2026-06-16T11:35:03.818733,db4/pump2/state,off
2026-06-16T11:35:06.151634,db4/temperature,12.292297
2026-06-16T11:35:06.152083,db4/pump1/state,off
2026-06-16T11:35:06.152083,db4/pump2/state,off
2026-06-16T11:35:08.296905,db4/temperature,12.341705
2026-06-16T11:35:08.297906,db4/pump1/state,off
2026-06-16T11:35:08.297906,db4/pump2/state,off
2026-06-16T11:35:10.553613,db4/temperature,12.387756
2026-06-16T11:35:10.553613,db4/pump1/state,off
2026-06-16T11:35:10.553613,db4/pump2/state,off
2026-06-16T11:35:12.787110,db4/temperature,12.299988
2026-06-16T11:35:12.787110,db4/pump1/state,off
2026-06-16T11:35:12.801808,db4/pump2/state,off
2026-06-16T11:35:14.887124,db4/temperature,12.332916
2026-06-16T11:35:14.887124,db4/pump1/state,off
2026-06-16T11:35:14.887124,db4/pump2/state,off
2026-06-16T11:35:17.104386,db4/temperature,12.38559
2026-06-16T11:35:17.104386,db4/pump1/state,off
2026-06-16T11:35:17.104386,db4/pump2/state,off
2026-06-16T11:35:19.325694,db4/temperature,12.332916
2026-06-16T11:35:19.326703,db4/pump1/state,off
2026-06-16T11:35:19.326703,db4/pump2/state,off
2026-06-16T11:35:21.536767,db4/temperature,12.4513852
2026-06-16T11:35:21.536767,db4/pump1/state,off
2026-06-16T11:35:21.536767,db4/pump2/state,off
2026-06-16T11:35:23.853457,db4/temperature,12.242889
2026-06-16T11:35:23.853457,db4/pump1/state,off
2026-06-16T11:35:23.853457,db4/pump2/state,off
2026-06-16T11:35:25.962697,db4/temperature,12.4096984
2026-06-16T11:35:25.962697,db4/pump1/state,off
2026-06-16T11:35:25.963700,db4/pump2/state,off
2026-06-16T11:35:28.179526,db4/temperature,12.412994
2026-06-16T11:35:28.180532,db4/pump1/state,off
2026-06-16T11:35:28.180532,db4/pump2/state,off
2026-06-16T11:35:30.404216,db4/temperature,12.388855
2026-06-16T11:35:30.404216,db4/pump1/state,off
2026-06-16T11:35:30.404216,db4/pump2/state,off
2026-06-16T11:35:32.671270,db4/temperature,12.3932492
2026-06-16T11:35:32.672180,db4/pump1/state,off
2026-06-16T11:35:32.673190,db4/pump2/state,off
2026-06-16T11:35:34.921804,db4/temperature,12.313171
2026-06-16T11:35:34.922798,db4/pump1/state,off
2026-06-16T11:35:34.922798,db4/pump2/state,off
2026-06-16T11:35:37.027704,db4/temperature,12.437134
2026-06-16T11:35:37.028711,db4/pump1/state,off
2026-06-16T11:35:37.028711,db4/pump2/state,off
2026-06-16T11:35:39.240556,db4/temperature,12.395447
2026-06-16T11:35:39.240556,db4/pump1/state,off
2026-06-16T11:35:39.240556,db4/pump2/state,off
2026-06-16T11:35:41.470447,db4/temperature,12.263763
2026-06-16T11:35:41.470447,db4/pump1/state,off
2026-06-16T11:35:41.470447,db4/pump2/state,off
2026-06-16T11:35:43.726490,db4/temperature,12.430542
2026-06-16T11:35:43.726490,db4/pump1/state,off
2026-06-16T11:35:43.726490,db4/pump2/state,off
2026-06-16T11:35:45.883686,db4/temperature,12.394348
2026-06-16T11:35:45.884750,db4/pump1/state,off
2026-06-16T11:35:45.885292,db4/pump2/state,off
2026-06-16T11:35:48.087702,db4/temperature,12.336182
2026-06-16T11:35:48.087702,db4/pump1/state,off
2026-06-16T11:35:48.087702,db4/pump2/state,off
2026-06-16T11:35:50.314564,db4/temperature,12.324158
2026-06-16T11:35:50.315114,db4/pump1/state,off
2026-06-16T11:35:50.315627,db4/pump2/state,off
2026-06-16T11:35:52.737780,db4/temperature,12.234131
2026-06-16T11:35:52.737780,db4/pump1/state,off
2026-06-16T11:35:52.737780,db4/pump2/state,off
2026-06-16T11:35:54.771010,db4/temperature,12.312073
2026-06-16T11:35:54.785929,db4/pump1/state,off
2026-06-16T11:35:54.785929,db4/pump2/state,off
2026-06-16T11:35:57.037454,db4/temperature,12.371307
2026-06-16T11:35:57.037454,db4/pump1/state,off
2026-06-16T11:35:57.037454,db4/pump2/state,off
2026-06-16T11:35:59.187959,db4/temperature,12.318634
2026-06-16T11:35:59.187959,db4/pump1/state,off
2026-06-16T11:35:59.187959,db4/pump2/state,off
2026-06-16T11:36:01.371422,db4/temperature,12.350464
2026-06-16T11:36:01.371422,db4/pump1/state,off
2026-06-16T11:36:01.371422,db4/pump2/state,off
2026-06-16T11:36:03.696413,db4/temperature,12.293396
2026-06-16T11:36:03.696413,db4/pump1/state,off
2026-06-16T11:36:03.696413,db4/pump2/state,off
2026-06-16T11:36:05.844273,db4/temperature,12.396545
2026-06-16T11:36:05.845274,db4/pump1/state,off
2026-06-16T11:36:05.846274,db4/pump2/state,off
2026-06-16T11:36:08.096810,db4/temperature,12.392151
2026-06-16T11:36:08.097820,db4/pump1/state,off
2026-06-16T11:36:08.097820,db4/pump2/state,off
2026-06-16T11:36:10.230093,db4/temperature,12.362549
2026-06-16T11:36:10.231099,db4/pump1/state,off
2026-06-16T11:36:10.231099,db4/pump2/state,off
2026-06-16T11:36:12.437291,db4/temperature,12.331818
2026-06-16T11:36:12.437291,db4/pump1/state,off
2026-06-16T11:36:12.437291,db4/pump2/state,off
2026-06-16T11:36:14.747137,db4/temperature,12.421753
2026-06-16T11:36:14.754677,db4/pump1/state,off
2026-06-16T11:36:14.754677,db4/pump2/state,off
2026-06-16T11:36:16.862773,db4/temperature,12.330719
2026-06-16T11:36:16.862773,db4/pump1/state,off
2026-06-16T11:36:16.862773,db4/pump2/state,off
2026-06-16T11:36:19.150606,db4/temperature,12.357056
2026-06-16T11:36:19.150606,db4/pump1/state,off
2026-06-16T11:36:19.166484,db4/pump2/state,off
2026-06-16T11:36:21.395222,db4/temperature,12.407501
2026-06-16T11:36:21.395222,db4/pump1/state,off
2026-06-16T11:36:21.395222,db4/pump2/state,off
2026-06-16T11:36:23.558907,db4/temperature,12.254974
2026-06-16T11:36:23.558907,db4/pump1/state,off
2026-06-16T11:36:23.558907,db4/pump2/state,off
2026-06-16T11:36:25.806424,db4/temperature,12.350464
2026-06-16T11:36:25.806424,db4/pump1/state,off
2026-06-16T11:36:25.818326,db4/pump2/state,off
2026-06-16T11:36:27.962503,db4/temperature,12.35376
2026-06-16T11:36:27.963869,db4/pump1/state,off
2026-06-16T11:36:27.963869,db4/pump2/state,off
2026-06-16T11:36:30.157100,db4/temperature,12.372406
2026-06-16T11:36:30.158112,db4/pump1/state,off
2026-06-16T11:36:30.158112,db4/pump2/state,off
2026-06-16T11:36:32.368243,db4/temperature,12.396545
2026-06-16T11:36:32.369248,db4/pump1/state,off
2026-06-16T11:36:32.369903,db4/pump2/state,off
2026-06-16T11:36:34.579177,db4/temperature,12.373505
2026-06-16T11:36:34.579177,db4/pump1/state,off
2026-06-16T11:36:34.580402,db4/pump2/state,off
2026-06-16T11:36:36.782532,db4/temperature,12.365814
2026-06-16T11:36:36.782532,db4/pump1/state,off
2026-06-16T11:36:36.782532,db4/pump2/state,off
2026-06-16T11:36:39.246012,db4/temperature,12.271454
2026-06-16T11:36:39.246012,db4/pump1/state,off
2026-06-16T11:36:39.246012,db4/pump2/state,off
2026-06-16T11:36:41.371029,db4/temperature,12.376801
2026-06-16T11:36:41.371029,db4/pump1/state,off
2026-06-16T11:36:41.371029,db4/pump2/state,off
2026-06-16T11:38:23.201493,db4/temperature,12.319733
2026-06-16T11:38:23.201493,db4/od,651
2026-06-16T11:38:23.201493,db4/pump1/state,off
2026-06-16T11:38:23.201493,db4/pump2/state,off
2026-06-16T11:38:23.214894,db4/led/state,off
2026-06-16T11:38:25.509018,db4/temperature,12.343872
2026-06-16T11:38:25.509018,db4/od,655
2026-06-16T11:38:25.509018,db4/pump1/state,off
2026-06-16T11:38:25.509018,db4/pump2/state,off
2026-06-16T11:38:25.509018,db4/led/state,off
2026-06-16T11:38:27.671855,db4/temperature,12.406433
2026-06-16T11:38:27.671855,db4/od,639
2026-06-16T11:38:27.671855,db4/pump1/state,off
2026-06-16T11:38:27.671855,db4/pump2/state,off
2026-06-16T11:38:27.671855,db4/led/state,off
2026-06-16T11:38:29.856913,db4/temperature,12.402008
2026-06-16T11:38:29.856913,db4/od,564
2026-06-16T11:38:29.856913,db4/pump1/state,off
2026-06-16T11:38:29.856913,db4/pump2/state,off
2026-06-16T11:38:29.867744,db4/led/state,off
2026-06-16T11:38:32.081060,db4/temperature,12.651886
2026-06-16T11:38:32.081060,db4/od,574
2026-06-16T11:38:32.082061,db4/pump1/state,off
2026-06-16T11:38:32.082061,db4/pump2/state,off
2026-06-16T11:38:32.082061,db4/led/state,off
2026-06-16T11:38:34.323293,db4/temperature,12.433838
2026-06-16T11:38:34.323293,db4/od,584
2026-06-16T11:38:34.323293,db4/pump1/state,off
2026-06-16T11:38:34.323293,db4/pump2/state,off
2026-06-16T11:38:34.325300,db4/led/state,off
2026-06-16T11:38:36.572942,db4/temperature,12.407501
2026-06-16T11:38:36.572942,db4/od,561
2026-06-16T11:38:36.572942,db4/pump1/state,off
2026-06-16T11:38:36.572942,db4/pump2/state,off
2026-06-16T11:38:36.572942,db4/led/state,off
2026-06-16T11:38:38.727260,db4/temperature,12.449188
2026-06-16T11:38:38.728278,db4/od,580
2026-06-16T11:38:38.728278,db4/pump1/state,off
2026-06-16T11:38:38.729270,db4/pump2/state,off
2026-06-16T11:38:38.729270,db4/led/state,off
2026-06-16T11:38:40.945775,db4/temperature,12.4557496
2026-06-16T11:38:40.946773,db4/od,549
2026-06-16T11:38:40.946773,db4/pump1/state,off
2026-06-16T11:38:40.947772,db4/pump2/state,off
2026-06-16T11:38:40.947772,db4/led/state,off
2026-06-16T11:38:43.237629,db4/temperature,12.516052
2026-06-16T11:38:43.237629,db4/od,519
2026-06-16T11:38:43.237629,db4/pump1/state,off
2026-06-16T11:38:43.237629,db4/pump2/state,off
2026-06-16T11:38:43.237629,db4/led/state,off
2026-06-16T11:38:45.380259,db4/temperature,12.437134
2026-06-16T11:38:45.380259,db4/od,364
2026-06-16T11:38:45.380259,db4/pump1/state,off
2026-06-16T11:38:45.381682,db4/pump2/state,off
2026-06-16T11:38:45.381682,db4/led/state,off
